Sentences,File location,gloss_sequence,signer_id,sample_id,cleaned_gloss,augmented_gloss
it does not make any difference to me,ISL_CSLRT_Corpus\Videos_Sentence_Level\it does not make any difference to me\difference (5).MP4,IT MAKE ANY DIFFERENCE  ME DO NOT ,6,ISL_0278_S6,MAKE DIFFERENCE,MAKE DIVERGENCE
tell me truth,ISL_CSLRT_Corpus\Videos_Sentence_Level\tell me truth\truth (4).MP4,TELL TRUTH,6,ISL_0341_S6,TELL TRUTH,TELL TRUTH
do me a favour,ISL_CSLRT_Corpus\Videos_Sentence_Level\do me a favour\favour.MP4,DO  FAVOUR ME,4,ISL_0046_S4,FAVOUR,FAVOUR
do not worry,ISL_CSLRT_Corpus\Videos_Sentence_Level\do not worry\MVI_6633.MP4,DONOT WORRY,4,ISL_0065_S4,WORRY,WORRY
do not abuse him,ISL_CSLRT_Corpus\Videos_Sentence_Level\do not abuse him\abuse (3).MP4, HIM ABUSE DONOT,5,ISL_0048_S5,ABUSE,ABUSE
what you want,ISL_CSLRT_Corpus\Videos_Sentence_Level\what you want\what you want (3).MP4,YOU WANT WHAT ,2,ISL_0409_S2,WANT,WANT
do not be stubborn,ISL_CSLRT_Corpus\Videos_Sentence_Level\do not be stubborn\stubborn (4).MP4,STUBBORN  BE DONOT,3,ISL_0053_S3,STUBBORN,OBSTINATE
i enjoyed a lot,ISL_CSLRT_Corpus\Videos_Sentence_Level\i enjoyed a lot\enjoy.MP4,I ENJOYED A LOT,0,ISL_0240_S0,ENJOYED LOT,ENJOYED LOT
i am suffering from fever,ISL_CSLRT_Corpus\Videos_Sentence_Level\i am suffering from fever\fever (2).MP4,I FEVER SUFFERING  ,0,ISL_0204_S0,SUFFERING FEVER,SUFFERING FEVER
try to understand,ISL_CSLRT_Corpus\Videos_Sentence_Level\try to understand\understand.MP4,YOU TRY UNDERSTAND,6,ISL_0362_S6,TRY UNDERSTAND,ENDEAVOR INTERPRET
pour some more water into the glass,ISL_CSLRT_Corpus\Videos_Sentence_Level\pour some more water into the glass\pour (4).MP4,WATER POUR  GLASS,6,ISL_0308_S6,POUR WATER GLASS,POUR WEEWEE GLASS
are you free today,ISL_CSLRT_Corpus\Videos_Sentence_Level\are you free today\free (5).MP4,YOU FREE TODAY,2,ISL_0004_S2,FREE TODAY,LOOSE TODAY
how can i trust you,ISL_CSLRT_Corpus\Videos_Sentence_Level\how can i trust you\trust.MP4,I TRUST YOU HOW ,4,ISL_0133_S4,TRUST,ENTRUST
what do you think,ISL_CSLRT_Corpus\Videos_Sentence_Level\what do you think\what do you think (1).MP4, DO YOU THINK WHAT,1,ISL_0387_S1,THINK,THINK
you are good,ISL_CSLRT_Corpus\Videos_Sentence_Level\you are good\good (5).MP4,YOU GOOD,1,ISL_0451_S1,GOOD,GOOD
what happened,ISL_CSLRT_Corpus\Videos_Sentence_Level\what happened\happened (2).MP4,HAPPENED WHAT ,4,ISL_0398_S4,HAPPENED,FIND
speak softly,ISL_CSLRT_Corpus\Videos_Sentence_Level\speak softly\softly.MP4,SPEAK SOFTLY,0,ISL_0333_S0,SPEAK SOFTLY,SPEAK SOFTLY
i am fine. thank you sir,ISL_CSLRT_Corpus\Videos_Sentence_Level\i am fine. thank you sir\fine thank (5).MP4,I FINE THANK YOU ,2,ISL_0172_S2,FINE THANK SIR,FINE THANK SIR
comb your hair,ISL_CSLRT_Corpus\Videos_Sentence_Level\comb your hair\comb (4).MP4,COMB YOU HAIR,6,ISL_0029_S6,COMB HAIR,COMB HAIR
do not make me angry,ISL_CSLRT_Corpus\Videos_Sentence_Level\do not make me angry\me angry (4).MP4,YOU ANGRY DONOT,5,ISL_0057_S5,MAKE ANGRY,MAKE ANGRY
do not be stubborn,ISL_CSLRT_Corpus\Videos_Sentence_Level\do not be stubborn\stubborn (4).MP4,STUBBORN  BE DONOT,5,ISL_0053_S5,STUBBORN,STUBBORN
how can i trust you,ISL_CSLRT_Corpus\Videos_Sentence_Level\how can i trust you\trust (2).MP4,I TRUST YOU HOW ,4,ISL_0129_S4,TRUST,DESIRE
where are you from,ISL_CSLRT_Corpus\Videos_Sentence_Level\where are you from\where are you from (5).MP4,YOU FROM WHERE ,5,ISL_0421_S5,,nan
take care of yourself,ISL_CSLRT_Corpus\Videos_Sentence_Level\take care of yourself\take care (5).MP4,TAKE CARE  YOURSELF,5,ISL_0337_S5,TAKE CARE,TAKE CARE
what are you doing,ISL_CSLRT_Corpus\Videos_Sentence_Level\what are you doing\what are you doing (5).MP4, YOU DO WHAT,3,ISL_0376_S3,,nan
how dare you,ISL_CSLRT_Corpus\Videos_Sentence_Level\how dare you\dare (3).MP4, DARE YOU HOW,0,ISL_0135_S0,DARE,DARE
i am crying,ISL_CSLRT_Corpus\Videos_Sentence_Level\i am crying\i am crying (4).MP4,I CRY,6,ISL_0155_S6,CRYING,CRYING
why are you angry,ISL_CSLRT_Corpus\Videos_Sentence_Level\why are you angry\angry (3).MP4,YOU ANGRY WHY ,3,ISL_0428_S3,ANGRY,ANGRY
i am sitting in the class,ISL_CSLRT_Corpus\Videos_Sentence_Level\i am sitting in the class\sitting (2).MP4,I SITTING CLASS,2,ISL_0194_S2,SITTING CLASS,SIT_DOWN CLASS
do not be stubborn,ISL_CSLRT_Corpus\Videos_Sentence_Level\do not be stubborn\stubborn (4).MP4,STUBBORN  BE DONOT,0,ISL_0053_S0,STUBBORN,STUBBORN
now onwards he will never hurt you,ISL_CSLRT_Corpus\Videos_Sentence_Level\now onwards he will never hurt you\never hurt (2).MP4,NOW ONWARDS HE HURT YOU NEVER ,2,ISL_0301_S2,ONWARDS NEVER HURT,ONWARDS NEVER DAMAGE
he is on the way,ISL_CSLRT_Corpus\Videos_Sentence_Level\he is on the way\way (4).MP4,HE ON THE WAY,3,ISL_0098_S3,WAY,WAY
it was nice chatting with you,ISL_CSLRT_Corpus\Videos_Sentence_Level\it was nice chatting with you\MVI_6853.MP4,YOU CHAT NICE,2,ISL_0284_S2,NICE CHATTING,SKILLFUL CHATTING
had your food,ISL_CSLRT_Corpus\Videos_Sentence_Level\had your food\food (2).MP4, FOOD HAD,0,ISL_0081_S0,FOOD,FOOD_FOR_THOUGHT
i promise,ISL_CSLRT_Corpus\Videos_Sentence_Level\i promise\promise (4).MP4,I PROMISE,1,ISL_0257_S1,PROMISE,PROMISE
take care of yourself,ISL_CSLRT_Corpus\Videos_Sentence_Level\take care of yourself\take care (5).MP4,TAKE CARE  YOURSELF,1,ISL_0337_S1,TAKE CARE,TAKE WISH
how can i help you,ISL_CSLRT_Corpus\Videos_Sentence_Level\how can i help you\how can i help you (6).MP4, I HELP YOU HOW,2,ISL_0127_S2,HELP,SERVICE
do not worry,ISL_CSLRT_Corpus\Videos_Sentence_Level\do not worry\MVI_6633.MP4,DONOT WORRY,2,ISL_0065_S2,WORRY,WORRY
i somehow got to know about it,ISL_CSLRT_Corpus\Videos_Sentence_Level\i somehow got to know about it\somehow.MP4,I SOMEHOW GOT KNOW ABOUT IT,2,ISL_0269_S2,SOMEHOW GOT KNOW,SOMEHOW GOT HUMP
why are you angry,ISL_CSLRT_Corpus\Videos_Sentence_Level\why are you angry\angry.MP4,YOU ANGRY WHY ,5,ISL_0431_S5,ANGRY,ANGRY
nice to meet you,ISL_CSLRT_Corpus\Videos_Sentence_Level\nice to meet you\nice to meet you (6).MP4,NICE MEET YOU,0,ISL_0299_S0,NICE MEET,NICE MEET
let him take time,ISL_CSLRT_Corpus\Videos_Sentence_Level\let him take time\time (5).MP4,LET HIM TAKE TIME,6,ISL_0288_S6,LET TAKE TIME,LEASE NECESSITATE CLOCK
i got hurt,ISL_CSLRT_Corpus\Videos_Sentence_Level\i got hurt\got hurt (4).MP4,I GOT HURT,5,ISL_0247_S5,GOT HURT,GOT HURT
i am tired,ISL_CSLRT_Corpus\Videos_Sentence_Level\i am tired\tired (2).MP4,I TIRED,4,ISL_0209_S4,TIRED,TIRED
comb your hair,ISL_CSLRT_Corpus\Videos_Sentence_Level\comb your hair\comb (5).MP4,COMB YOU HAIR,3,ISL_0030_S3,COMB HAIR,COXCOMB HAIR
i promise,ISL_CSLRT_Corpus\Videos_Sentence_Level\i promise\promise.MP4,I PROMISE,3,ISL_0259_S3,PROMISE,PREDICT
can you repeat that please,ISL_CSLRT_Corpus\Videos_Sentence_Level\can you repeat that please\can you repeat that please (1).MP4,YOU REPEAT PLEASE,4,ISL_0022_S4,REPEAT PLEASE,REPEAT DELIGHT
comb your hair,ISL_CSLRT_Corpus\Videos_Sentence_Level\comb your hair\comb.MP4,COMB YOU HAIR,0,ISL_0031_S0,COMB HAIR,COMB_OUT HAIRCLOTH
my name is xxxxxxxx,ISL_CSLRT_Corpus\Videos_Sentence_Level\my name is xxxxxxxx\my name is xxxxxxxx (3).MP4,MY NAME XXXXXXXX,6,ISL_0292_S6,NAME XXXXXXXX,CITE XXXXXXXX
how old are you,ISL_CSLRT_Corpus\Videos_Sentence_Level\how old are you\how old are you (4).MP4,HOW OLD YOU,0,ISL_0140_S0,OLD,ONE-TIME
thank you so much,ISL_CSLRT_Corpus\Videos_Sentence_Level\thank you so much\thank you so much (5).MP4,THANK YOU SO MUCH,5,ISL_0346_S5,THANK MUCH,THANK MUCH
what are you doing,ISL_CSLRT_Corpus\Videos_Sentence_Level\what are you doing\what are you doing (3).MP4, YOU DO WHAT,1,ISL_0374_S1,,GRANNIE
that is so kind of you,ISL_CSLRT_Corpus\Videos_Sentence_Level\that is so kind of you\MVI_6106.MP4, YOU KIND THAT,3,ISL_0348_S3,KIND,SORT
i do not like it,ISL_CSLRT_Corpus\Videos_Sentence_Level\i do not like it\hate it.MP4,I  LIKE IT DO NOT,6,ISL_0231_S6,LIKE,LIKE
how dare you,ISL_CSLRT_Corpus\Videos_Sentence_Level\how dare you\dare (3).MP4, DARE YOU HOW,6,ISL_0135_S6,DARE,DARE
prepare the bed,ISL_CSLRT_Corpus\Videos_Sentence_Level\prepare the bed\bed (3).MP4,PREPARE BED,6,ISL_0312_S6,PREPARE BED,SET_UP BED
can you repeat that please,ISL_CSLRT_Corpus\Videos_Sentence_Level\can you repeat that please\can you repeat that please (4).MP4,YOU REPEAT PLEASE,5,ISL_0024_S5,REPEAT PLEASE,REPEAT PLEASE
i am (age),ISL_CSLRT_Corpus\Videos_Sentence_Level\i am (age)\i am (age) (1).MP4,I OLD,6,ISL_0144_S6,AGE,AGE
what do you want to become,ISL_CSLRT_Corpus\Videos_Sentence_Level\what do you want to become\become (3).MP4,WHAT DO YOU WANT BECOME,4,ISL_0393_S4,WANT BECOME,WANT TURN
you can do it,ISL_CSLRT_Corpus\Videos_Sentence_Level\you can do it\can do (5).MP4,YOU DO IT,3,ISL_0461_S3,,nan
i got hurt,ISL_CSLRT_Corpus\Videos_Sentence_Level\i got hurt\got hurt (2).MP4,I GOT HURT,6,ISL_0245_S6,GOT HURT,GOT HURT
i am afraid of that,ISL_CSLRT_Corpus\Videos_Sentence_Level\i am afraid of that\afraid.MP4,I AFRAID THAT,3,ISL_0153_S3,AFRAID,AFRAID
he would be coming today,ISL_CSLRT_Corpus\Videos_Sentence_Level\he would be coming today\today (5).MP4,HE COMING TODAY,1,ISL_0108_S1,WOULD COMING TODAY,WOULD COMING TODAY
This place is beautiful,ISL_CSLRT_Corpus\Videos_Sentence_Level\This place is beautiful\MVI_6502.MP4,THIS PLACE BEAUTIFUL,6,ISL_0357_S6,PLACE BEAUTIFUL,PLACE BEAUTIFUL
i promise,ISL_CSLRT_Corpus\Videos_Sentence_Level\i promise\promise (4).MP4,I PROMISE,0,ISL_0257_S0,PROMISE,PROMISE
do you need something,ISL_CSLRT_Corpus\Videos_Sentence_Level\do you need something\need something.MP4,DO YOU NEED SOMETHING,0,ISL_0071_S0,NEED SOMETHING,NEED SOMETHING
how can i help you,ISL_CSLRT_Corpus\Videos_Sentence_Level\how can i help you\how can i help you (7).MP4, I HELP YOU HOW,1,ISL_0128_S1,HELP,HELP
he is on the way,ISL_CSLRT_Corpus\Videos_Sentence_Level\he is on the way\way.MP4,HE ON THE WAY,6,ISL_0099_S6,WAY,WAY
we are all with you,ISL_CSLRT_Corpus\Videos_Sentence_Level\we are all with you\MVI_6957.MP4,WE ALL WITH YOU,4,ISL_0367_S4,,nan
how can i trust you,ISL_CSLRT_Corpus\Videos_Sentence_Level\how can i trust you\trust (3).MP4,I TRUST YOU HOW ,6,ISL_0130_S6,TRUST,TRUST
what is your phone number,ISL_CSLRT_Corpus\Videos_Sentence_Level\what is your phone number\what is your phone number (5).MP4, YOUR PHONE NUMBER WHAT,3,ISL_0406_S3,PHONE NUMBER,PHONE NUMBER
nice to meet you,ISL_CSLRT_Corpus\Videos_Sentence_Level\nice to meet you\nice to meet you (3).MP4,NICE MEET YOU,5,ISL_0296_S5,NICE MEET,NICE MEET
are you hiding something,ISL_CSLRT_Corpus\Videos_Sentence_Level\are you hiding something\MVI_6817.MP4,YOU HIDE SOMETHING,3,ISL_0009_S3,HIDING SOMETHING,HIDING SOMETHING
it was nice chatting with you,ISL_CSLRT_Corpus\Videos_Sentence_Level\it was nice chatting with you\MVI_6107.MP4,YOU CHAT NICE,0,ISL_0280_S0,NICE CHATTING,NICE CHATTER
speak softly,ISL_CSLRT_Corpus\Videos_Sentence_Level\speak softly\softly (2).MP4,SPEAK SOFTLY,6,ISL_0328_S6,SPEAK SOFTLY,SPEAK SOFTLY
i am sitting in the class,ISL_CSLRT_Corpus\Videos_Sentence_Level\i am sitting in the class\sitting (3).MP4,I SITTING CLASS,1,ISL_0195_S1,SITTING CLASS,SITTING YEAR
i do not like it,ISL_CSLRT_Corpus\Videos_Sentence_Level\i do not like it\hate (4).MP4,I  LIKE IT DO NOT,2,ISL_0230_S2,LIKE,THE_LIKE
i need water,ISL_CSLRT_Corpus\Videos_Sentence_Level\i need water\i need water 7.MP4,I WATER NEED ,3,ISL_0254_S3,NEED WATER,NEED WEEWEE
thank you so much,ISL_CSLRT_Corpus\Videos_Sentence_Level\thank you so much\thank you so much (6).MP4,THANK YOU SO MUCH,0,ISL_0347_S0,THANK MUCH,GIVE_THANKS MUCH
had your food,ISL_CSLRT_Corpus\Videos_Sentence_Level\had your food\food (3).MP4, FOOD HAD,6,ISL_0082_S6,FOOD,FOOD
what do you do,ISL_CSLRT_Corpus\Videos_Sentence_Level\what do you do\what do you do (1).MP4,YOU DO WHAT ,3,ISL_0383_S3,,NAN_RIVER
tell me truth,ISL_CSLRT_Corpus\Videos_Sentence_Level\tell me truth\truth (4).MP4,TELL TRUTH,1,ISL_0341_S1,TELL TRUTH,SECERN TRUENESS
how old are you,ISL_CSLRT_Corpus\Videos_Sentence_Level\how old are you\how old are you (3).MP4,HOW OLD YOU,6,ISL_0139_S6,OLD,OLD
you are bad,ISL_CSLRT_Corpus\Videos_Sentence_Level\you are bad\bad.MP4,YOU BAD,5,ISL_0447_S5,BAD,BAD
what you want,ISL_CSLRT_Corpus\Videos_Sentence_Level\what you want\what you want (6).MP4,YOU WANT WHAT ,4,ISL_0412_S4,WANT,WANT
how can i help you,ISL_CSLRT_Corpus\Videos_Sentence_Level\how can i help you\how can i help you (6).MP4, I HELP YOU HOW,4,ISL_0127_S4,HELP,HELP
are you hiding something,ISL_CSLRT_Corpus\Videos_Sentence_Level\are you hiding something\MVI_6817.MP4,YOU HIDE SOMETHING,1,ISL_0009_S1,HIDING SOMETHING,HIDING SOMETHING
can you repeat that please,ISL_CSLRT_Corpus\Videos_Sentence_Level\can you repeat that please\can you repeat that please (6).MP4,YOU REPEAT PLEASE,4,ISL_0026_S4,REPEAT PLEASE,REPEAT DELIGHT
what you want,ISL_CSLRT_Corpus\Videos_Sentence_Level\what you want\what you want (4).MP4,YOU WANT WHAT ,3,ISL_0410_S3,WANT,WANT
my name is xxxxxxxx,ISL_CSLRT_Corpus\Videos_Sentence_Level\my name is xxxxxxxx\my name is xxxxxxxx (1).MP4,MY NAME XXXXXXXX,0,ISL_0290_S0,NAME XXXXXXXX,IDENTIFY XXXXXXXX
wear the shirt,ISL_CSLRT_Corpus\Videos_Sentence_Level\wear the shirt\shirt.MP4, SHIRT WEAR,1,ISL_0372_S1,WEAR SHIRT,FAG SHIRT
thank you so much,ISL_CSLRT_Corpus\Videos_Sentence_Level\thank you so much\thank you so much (4).MP4,THANK YOU SO MUCH,2,ISL_0345_S2,THANK MUCH,THANK MUCH
shall we go outside,ISL_CSLRT_Corpus\Videos_Sentence_Level\shall we go outside\outside (4).MP4,OUTSIDE GO ,0,ISL_0326_S0,SHALL GO OUTSIDE,SHALL BLEND_IN OUTSIDE
can you repeat that please,ISL_CSLRT_Corpus\Videos_Sentence_Level\can you repeat that please\can you repeat that please (4).MP4,YOU REPEAT PLEASE,4,ISL_0024_S4,REPEAT PLEASE,REPEAT PLEASE
what are you doing,ISL_CSLRT_Corpus\Videos_Sentence_Level\what are you doing\what are you doing (3).MP4, YOU DO WHAT,4,ISL_0374_S4,,nan
how dare you,ISL_CSLRT_Corpus\Videos_Sentence_Level\how dare you\dare (3).MP4, DARE YOU HOW,1,ISL_0135_S1,DARE,DARE
He is going into the room,ISL_CSLRT_Corpus\Videos_Sentence_Level\He is going into the room\room (4).MP4,HE ROOM  GO  ,0,ISL_0094_S0,GOING ROOM,GOING ROOM
i am suffering from fever,ISL_CSLRT_Corpus\Videos_Sentence_Level\i am suffering from fever\fever.MP4,I FEVER SUFFERING  ,1,ISL_0208_S1,SUFFERING FEVER,HURT FEVER
bring water for me,ISL_CSLRT_Corpus\Videos_Sentence_Level\bring water for me\bring water for me (4).MP4,BRING WATER ME,3,ISL_0013_S3,BRING WATER,MAKE_FOR WATER
can i help you,ISL_CSLRT_Corpus\Videos_Sentence_Level\can i help you\help (3).MP4,I HELP YOU,0,ISL_0018_S0,HELP,HELP
do not worry,ISL_CSLRT_Corpus\Videos_Sentence_Level\do not worry\worry.MP4,DONOT WORRY,6,ISL_0069_S6,WORRY,WORRY
what do you want to become,ISL_CSLRT_Corpus\Videos_Sentence_Level\what do you want to become\become (2).MP4,WHAT DO YOU WANT BECOME,1,ISL_0392_S1,WANT BECOME,REQUIRE BECOME
This place is beautiful,ISL_CSLRT_Corpus\Videos_Sentence_Level\This place is beautiful\beautiful (2).MP4,THIS PLACE BEAUTIFUL,6,ISL_0353_S6,PLACE BEAUTIFUL,OFFICE BEAUTIFUL
could you please talk slower,ISL_CSLRT_Corpus\Videos_Sentence_Level\could you please talk slower\could you please talk slower (7).MP4,YOU PLEASE TALK SLOWER,1,ISL_0041_S1,COULD PLEASE TALK SLOWER,COULD DELIGHT TALK SLOWER
he came by train,ISL_CSLRT_Corpus\Videos_Sentence_Level\he came by train\train (4).MP4,HE TRAIN CAME ,5,ISL_0088_S5,CAME TRAIN,TOTAL CONDITION
help me,ISL_CSLRT_Corpus\Videos_Sentence_Level\help me\help me (3).MP4,HELP ME,1,ISL_0111_S1,HELP,HELP
serve the food,ISL_CSLRT_Corpus\Videos_Sentence_Level\serve the food\serve 1.MP4,FOOD SERVE ,5,ISL_0320_S5,SERVE FOOD,SERVE FOOD
i am not really sure,ISL_CSLRT_Corpus\Videos_Sentence_Level\i am not really sure\MVI_6546.MP4,I  REALLY NOT SURE,0,ISL_0184_S0,REALLY SURE,REALLY SURE
go and sleep,ISL_CSLRT_Corpus\Videos_Sentence_Level\go and sleep\sleep (3).MP4,GO SLEEP,3,ISL_0076_S3,GO SLEEP,GO LOG_Z'S
it does not make any difference to me,ISL_CSLRT_Corpus\Videos_Sentence_Level\it does not make any difference to me\difference (3).MP4,IT MAKE ANY DIFFERENCE  ME DO NOT ,1,ISL_0276_S1,MAKE DIFFERENCE,MAKE DEVIATION
how are things,ISL_CSLRT_Corpus\Videos_Sentence_Level\how are things\things (2).MP4, THINGS HOW,3,ISL_0120_S3,THINGS,THINGS
serve the food,ISL_CSLRT_Corpus\Videos_Sentence_Level\serve the food\serve 1.MP4,FOOD SERVE ,3,ISL_0320_S3,SERVE FOOD,SERVE SOLID_FOOD
i enjoyed a lot,ISL_CSLRT_Corpus\Videos_Sentence_Level\i enjoyed a lot\enjoyed (2).MP4,I ENJOYED A LOT,0,ISL_0241_S0,ENJOYED LOT,ENJOYED LOT
you are welcome,ISL_CSLRT_Corpus\Videos_Sentence_Level\you are welcome\welcome (4).MP4,YOU WELCOME,3,ISL_0455_S3,WELCOME,WELCOME
he she is my friend,ISL_CSLRT_Corpus\Videos_Sentence_Level\he she is my friend\friend.MP4,YOU MY FRIEND,0,ISL_0103_S0,FRIEND,FRIEND
you can do it,ISL_CSLRT_Corpus\Videos_Sentence_Level\you can do it\can do.MP4,YOU DO IT,1,ISL_0462_S1,,NAN_RIVER
can i help you,ISL_CSLRT_Corpus\Videos_Sentence_Level\can i help you\help (3).MP4,I HELP YOU,5,ISL_0018_S5,HELP,HELP
congratulations,ISL_CSLRT_Corpus\Videos_Sentence_Level\congratulations\congratulations (4).MP4,CONGRATULATIIONS,0,ISL_0033_S0,CONGRATULATIONS,CONGRATULATIONS
where are you from,ISL_CSLRT_Corpus\Videos_Sentence_Level\where are you from\where are you from (5).MP4,YOU FROM WHERE ,4,ISL_0421_S4,,nan
do you need something,ISL_CSLRT_Corpus\Videos_Sentence_Level\do you need something\something.MP4,DO YOU NEED SOMETHING,4,ISL_0074_S4,NEED SOMETHING,NEED SOMETHING
take care of yourself,ISL_CSLRT_Corpus\Videos_Sentence_Level\take care of yourself\take care (5).MP4,TAKE CARE  YOURSELF,2,ISL_0337_S2,TAKE CARE,TAKE CARE
i am fine. thank you sir,ISL_CSLRT_Corpus\Videos_Sentence_Level\i am fine. thank you sir\fine thank (4).MP4,I FINE THANK YOU ,0,ISL_0171_S0,FINE THANK SIR,FINE GIVE_THANKS SIR
prepare the bed,ISL_CSLRT_Corpus\Videos_Sentence_Level\prepare the bed\bed.MP4,PREPARE BED,0,ISL_0315_S0,PREPARE BED,PREPARE BED
i am very happy,ISL_CSLRT_Corpus\Videos_Sentence_Level\i am very happy\very happy (4).MP4,I VERY HAPPY,4,ISL_0216_S4,HAPPY,HAPPY
he came by train,ISL_CSLRT_Corpus\Videos_Sentence_Level\he came by train\train (3).MP4,HE TRAIN CAME ,1,ISL_0087_S1,CAME TRAIN,COME_UP TRAIN
i am not really sure,ISL_CSLRT_Corpus\Videos_Sentence_Level\i am not really sure\really sure (2).MP4,I  REALLY NOT SURE,0,ISL_0185_S0,REALLY SURE,REALLY SURE
This place is beautiful,ISL_CSLRT_Corpus\Videos_Sentence_Level\This place is beautiful\beautiful.MP4,THIS PLACE BEAUTIFUL,6,ISL_0356_S6,PLACE BEAUTIFUL,PLACE BEAUTIFUL
serve the food,ISL_CSLRT_Corpus\Videos_Sentence_Level\serve the food\serve (5).MP4,FOOD SERVE ,1,ISL_0319_S1,SERVE FOOD,DISH_OUT FOOD
i need water,ISL_CSLRT_Corpus\Videos_Sentence_Level\i need water\i need water 4.MP4,I WATER NEED ,2,ISL_0251_S2,NEED WATER,NEED WATER
i do not agree,ISL_CSLRT_Corpus\Videos_Sentence_Level\i do not agree\agree (2).MP4,I AGREE DONOT ,1,ISL_0223_S1,AGREE,AGREE
do not make me angry,ISL_CSLRT_Corpus\Videos_Sentence_Level\do not make me angry\me angry (5).MP4,YOU ANGRY DONOT,2,ISL_0058_S2,MAKE ANGRY,MAKE ANGRY
you are bad,ISL_CSLRT_Corpus\Videos_Sentence_Level\you are bad\bad (4).MP4,YOU BAD,2,ISL_0444_S2,BAD,SPOILED
i promise,ISL_CSLRT_Corpus\Videos_Sentence_Level\i promise\promise (5).MP4,I PROMISE,0,ISL_0258_S0,PROMISE,PREDICT
go and sleep,ISL_CSLRT_Corpus\Videos_Sentence_Level\go and sleep\sleep (4).MP4,GO SLEEP,0,ISL_0077_S0,GO SLEEP,GO SLEEP
do not make me angry,ISL_CSLRT_Corpus\Videos_Sentence_Level\do not make me angry\me angry (4).MP4,YOU ANGRY DONOT,1,ISL_0057_S1,MAKE ANGRY,MAKE ANGRY
speak softly,ISL_CSLRT_Corpus\Videos_Sentence_Level\speak softly\softly (3).MP4,SPEAK SOFTLY,4,ISL_0329_S4,SPEAK SOFTLY,TALK SOFTLY
take care of yourself,ISL_CSLRT_Corpus\Videos_Sentence_Level\take care of yourself\take care (3).MP4,TAKE CARE  YOURSELF,1,ISL_0335_S1,TAKE CARE,TAKE CARE
do not abuse him,ISL_CSLRT_Corpus\Videos_Sentence_Level\do not abuse him\abuse (4).MP4, HIM ABUSE DONOT,6,ISL_0049_S6,ABUSE,REVILEMENT
you can do it,ISL_CSLRT_Corpus\Videos_Sentence_Level\you can do it\can do (2).MP4,YOU DO IT,5,ISL_0458_S5,,nan
pour some more water into the glass,ISL_CSLRT_Corpus\Videos_Sentence_Level\pour some more water into the glass\pour.MP4,WATER POUR  GLASS,0,ISL_0310_S0,POUR WATER GLASS,POUR WATER_SUPPLY GLASS
i am so sorry to hear that,ISL_CSLRT_Corpus\Videos_Sentence_Level\i am so sorry to hear that\sorry hear.MP4,I SORRY  HEAR THAT,4,ISL_0203_S4,SORRY HEAR,DREARY GET_A_LINE
i am very happy,ISL_CSLRT_Corpus\Videos_Sentence_Level\i am very happy\very happy (2).MP4,I VERY HAPPY,6,ISL_0214_S6,HAPPY,WELL-CHOSEN
i am sitting in the class,ISL_CSLRT_Corpus\Videos_Sentence_Level\i am sitting in the class\sitting (5).MP4,I SITTING CLASS,4,ISL_0197_S4,SITTING CLASS,SITTING STRATUM
can i help you,ISL_CSLRT_Corpus\Videos_Sentence_Level\can i help you\help (4).MP4,I HELP YOU,6,ISL_0019_S6,HELP,ASSIST
go and sleep,ISL_CSLRT_Corpus\Videos_Sentence_Level\go and sleep\sleep (5).MP4,GO SLEEP,6,ISL_0078_S6,GO SLEEP,GO SLEEP
try to understand,ISL_CSLRT_Corpus\Videos_Sentence_Level\try to understand\understand (2).MP4,YOU TRY UNDERSTAND,5,ISL_0358_S5,TRY UNDERSTAND,TRY INTERPRET
he is on the way,ISL_CSLRT_Corpus\Videos_Sentence_Level\he is on the way\way (3).MP4,HE ON THE WAY,3,ISL_0097_S3,WAY,WAY
why are you angry,ISL_CSLRT_Corpus\Videos_Sentence_Level\why are you angry\angry (5).MP4,YOU ANGRY WHY ,6,ISL_0430_S6,ANGRY,ANGRY
what are you doing,ISL_CSLRT_Corpus\Videos_Sentence_Level\what are you doing\what are you doing (4).MP4, YOU DO WHAT,4,ISL_0375_S4,,GRANNIE
"you do anything, i do not care","ISL_CSLRT_Corpus\Videos_Sentence_Level\you do anything, i do not care\donotcare.MP4","YOU DO ANYTHING, I DONOT CARE",0,ISL_0464_S0,ANYTHING CARE,ANYTHING CARE
i am really grateful,ISL_CSLRT_Corpus\Videos_Sentence_Level\i am really grateful\MVI_6849.MP4,I REALLY GRATEFUL,0,ISL_0193_S0,REALLY GRATEFUL,TRULY GRATEFUL
how can i help you,ISL_CSLRT_Corpus\Videos_Sentence_Level\how can i help you\how can i help you (4).MP4, I HELP YOU HOW,4,ISL_0125_S4,HELP,ASSISTANCE
i somehow got to know about it,ISL_CSLRT_Corpus\Videos_Sentence_Level\i somehow got to know about it\somehow (3).MP4,I SOMEHOW GOT KNOW ABOUT IT,1,ISL_0266_S1,SOMEHOW GOT KNOW,SOMEHOW CATCH KNOW
i got hurt,ISL_CSLRT_Corpus\Videos_Sentence_Level\i got hurt\got hurt (4).MP4,I GOT HURT,2,ISL_0247_S2,GOT HURT,GOT BRUISE
i need water,ISL_CSLRT_Corpus\Videos_Sentence_Level\i need water\i need water 7.MP4,I WATER NEED ,2,ISL_0254_S2,NEED WATER,NEED IRRIGATE
you can do it,ISL_CSLRT_Corpus\Videos_Sentence_Level\you can do it\can do (2).MP4,YOU DO IT,0,ISL_0458_S0,,nan
do you need something,ISL_CSLRT_Corpus\Videos_Sentence_Level\do you need something\something.MP4,DO YOU NEED SOMETHING,1,ISL_0074_S1,NEED SOMETHING,NEED SOMETHING
how old are you,ISL_CSLRT_Corpus\Videos_Sentence_Level\how old are you\how old are you (6).MP4,HOW OLD YOU,4,ISL_0142_S4,OLD,OLD
i really appreciate it,ISL_CSLRT_Corpus\Videos_Sentence_Level\i really appreciate it\i really appreciate it (6).MP4,I REALLY APPRECIATE IT,3,ISL_0263_S3,REALLY APPRECIATE,TRULY APPRECIATE
you can do it,ISL_CSLRT_Corpus\Videos_Sentence_Level\you can do it\can do.MP4,YOU DO IT,0,ISL_0462_S0,,nan
i enjoyed a lot,ISL_CSLRT_Corpus\Videos_Sentence_Level\i enjoyed a lot\enjoy.MP4,I ENJOYED A LOT,3,ISL_0240_S3,ENJOYED LOT,ENJOY LOT
what happened,ISL_CSLRT_Corpus\Videos_Sentence_Level\what happened\happened (3).MP4,HAPPENED WHAT ,2,ISL_0399_S2,HAPPENED,HAPPENED
my name is xxxxxxxx,ISL_CSLRT_Corpus\Videos_Sentence_Level\my name is xxxxxxxx\my name is xxxxxxxx (4).MP4,MY NAME XXXXXXXX,5,ISL_0293_S5,NAME XXXXXXXX,NAME XXXXXXXX
we are all with you,ISL_CSLRT_Corpus\Videos_Sentence_Level\we are all with you\MVI_6957.MP4,WE ALL WITH YOU,6,ISL_0367_S6,,nan
i am not really sure,ISL_CSLRT_Corpus\Videos_Sentence_Level\i am not really sure\really sure.MP4,I  REALLY NOT SURE,6,ISL_0188_S6,REALLY SURE,REALLY TRUSTED
how dare you,ISL_CSLRT_Corpus\Videos_Sentence_Level\how dare you\dare (5).MP4, DARE YOU HOW,2,ISL_0137_S2,DARE,DARE
i do not like it,ISL_CSLRT_Corpus\Videos_Sentence_Level\i do not like it\hate (4).MP4,I  LIKE IT DO NOT,0,ISL_0230_S0,LIKE,LIKE
my name is xxxxxxxx,ISL_CSLRT_Corpus\Videos_Sentence_Level\my name is xxxxxxxx\my name is xxxxxxxx (3).MP4,MY NAME XXXXXXXX,0,ISL_0292_S0,NAME XXXXXXXX,DESCRIBE XXXXXXXX
when will the train leave,ISL_CSLRT_Corpus\Videos_Sentence_Level\when will the train leave\leave (4).MP4, TRAIN LEAVE WHEN,0,ISL_0415_S0,TRAIN LEAVE,GROOM LEAVE
had your food,ISL_CSLRT_Corpus\Videos_Sentence_Level\had your food\food.MP4, FOOD HAD,5,ISL_0085_S5,FOOD,INTELLECTUAL_NOURISHMENT
what do you want to become,ISL_CSLRT_Corpus\Videos_Sentence_Level\what do you want to become\become (4).MP4,WHAT DO YOU WANT BECOME,0,ISL_0394_S0,WANT BECOME,DEPRIVATION SUIT
he came by train,ISL_CSLRT_Corpus\Videos_Sentence_Level\he came by train\train (3).MP4,HE TRAIN CAME ,6,ISL_0087_S6,CAME TRAIN,HAIL TRAIN
i promise,ISL_CSLRT_Corpus\Videos_Sentence_Level\i promise\promise.MP4,I PROMISE,2,ISL_0259_S2,PROMISE,PROMISE
i can not help you there,ISL_CSLRT_Corpus\Videos_Sentence_Level\i can not help you there\MVI_6545.MP4,I  HELP NOT,5,ISL_0220_S5,HELP,HELP
you are welcome,ISL_CSLRT_Corpus\Videos_Sentence_Level\you are welcome\welcome (5).MP4,YOU WELCOME,3,ISL_0456_S3,WELCOME,WELCOME
comb your hair,ISL_CSLRT_Corpus\Videos_Sentence_Level\comb your hair\comb (2).MP4,COMB YOU HAIR,0,ISL_0027_S0,COMB HAIR,DISENTANGLE HAIR
he would be coming today,ISL_CSLRT_Corpus\Videos_Sentence_Level\he would be coming today\today.MP4,HE COMING TODAY,4,ISL_0109_S4,WOULD COMING TODAY,WOULD OCCUR TODAY
i am feeling bored,ISL_CSLRT_Corpus\Videos_Sentence_Level\i am feeling bored\bored (2).MP4,I FEEL BORED,5,ISL_0159_S5,FEELING BORED,TACTILE_SENSATION BLASE
you can do it,ISL_CSLRT_Corpus\Videos_Sentence_Level\you can do it\can do (3).MP4,YOU DO IT,3,ISL_0459_S3,,nan
i am (age),ISL_CSLRT_Corpus\Videos_Sentence_Level\i am (age)\i am (age) (2).MP4,I OLD,0,ISL_0145_S0,AGE,HISTORIC_PERIOD
i am afraid of that,ISL_CSLRT_Corpus\Videos_Sentence_Level\i am afraid of that\afraid.MP4,I AFRAID THAT,0,ISL_0153_S0,AFRAID,AFRAID
comb your hair,ISL_CSLRT_Corpus\Videos_Sentence_Level\comb your hair\comb (4).MP4,COMB YOU HAIR,5,ISL_0029_S5,COMB HAIR,COMB HAIR
how old are you,ISL_CSLRT_Corpus\Videos_Sentence_Level\how old are you\how old are you (5).MP4,HOW OLD YOU,3,ISL_0141_S3,OLD,OLD
where are you from,ISL_CSLRT_Corpus\Videos_Sentence_Level\where are you from\where are you from (1).MP4,YOU FROM WHERE ,5,ISL_0418_S5,,NAAN
i can not help you there,ISL_CSLRT_Corpus\Videos_Sentence_Level\i can not help you there\MVI_6545.MP4,I  HELP NOT,3,ISL_0220_S3,HELP,HELP
i was stopped by some one,ISL_CSLRT_Corpus\Videos_Sentence_Level\i was stopped by some one\MVI_6955.MP4,I STOPPED BY SOMEONE,4,ISL_0271_S4,STOPPED ONE,STOPPED UNMATCHABLE
can you repeat that please,ISL_CSLRT_Corpus\Videos_Sentence_Level\can you repeat that please\can you repeat that please (5).MP4,YOU REPEAT PLEASE,1,ISL_0025_S1,REPEAT PLEASE,REPEAT PLEASE
i am feeling cold,ISL_CSLRT_Corpus\Videos_Sentence_Level\i am feeling cold\cold (4).MP4,I FEEL COLD,3,ISL_0166_S3,FEELING COLD,TONE COLD
serve the food,ISL_CSLRT_Corpus\Videos_Sentence_Level\serve the food\serve.MP4,FOOD SERVE ,0,ISL_0322_S0,SERVE FOOD,SERVE FOOD
bring water for me,ISL_CSLRT_Corpus\Videos_Sentence_Level\bring water for me\bring water for me (1).MP4,BRING WATER ME,4,ISL_0011_S4,BRING WATER,WREAK WATER
what do you think,ISL_CSLRT_Corpus\Videos_Sentence_Level\what do you think\what do you think (3).MP4, DO YOU THINK WHAT,0,ISL_0388_S0,THINK,THINK
i was stopped by some one,ISL_CSLRT_Corpus\Videos_Sentence_Level\i was stopped by some one\stopped (2).MP4,I STOPPED BY SOMEONE,2,ISL_0272_S2,STOPPED ONE,STOPPED UNRIVALLED
you are bad,ISL_CSLRT_Corpus\Videos_Sentence_Level\you are bad\bad (5).MP4,YOU BAD,4,ISL_0445_S4,BAD,BAD
serve the food,ISL_CSLRT_Corpus\Videos_Sentence_Level\serve the food\serve (3).MP4,FOOD SERVE ,1,ISL_0317_S1,SERVE FOOD,SERVE FOOD
i am afraid of that,ISL_CSLRT_Corpus\Videos_Sentence_Level\i am afraid of that\afraid.MP4,I AFRAID THAT,2,ISL_0153_S2,AFRAID,AFRAID
shall we go outside,ISL_CSLRT_Corpus\Videos_Sentence_Level\shall we go outside\MVI_6498.MP4,OUTSIDE GO ,0,ISL_0323_S0,SHALL GO OUTSIDE,SHALL GO OUTDOOR
do not take it to the heart,ISL_CSLRT_Corpus\Videos_Sentence_Level\do not take it to the heart\heart.MP4,YOU  HEART DONOT TAKE IT,6,ISL_0064_S6,TAKE HEART,TAKE HEART
take care of yourself,ISL_CSLRT_Corpus\Videos_Sentence_Level\take care of yourself\take care (3).MP4,TAKE CARE  YOURSELF,4,ISL_0335_S4,TAKE CARE,TAKE CARE
who are you,ISL_CSLRT_Corpus\Videos_Sentence_Level\who are you\who are you (4).MP4,YOU WHO ,5,ISL_0424_S5,,NAN
do you need something,ISL_CSLRT_Corpus\Videos_Sentence_Level\do you need something\need something.MP4,DO YOU NEED SOMETHING,4,ISL_0071_S4,NEED SOMETHING,NEED SOMETHING
i am not really sure,ISL_CSLRT_Corpus\Videos_Sentence_Level\i am not really sure\really sure (4).MP4,I  REALLY NOT SURE,5,ISL_0187_S5,REALLY SURE,REALLY CERTAIN
i am in dilemma what to do,ISL_CSLRT_Corpus\Videos_Sentence_Level\i am in dilemma what to do\dilemma (2).MP4,I DILEMMA WHAT TO DO,0,ISL_0179_S0,DILEMMA,QUANDARY
what do you want to become,ISL_CSLRT_Corpus\Videos_Sentence_Level\what do you want to become\become.MP4,WHAT DO YOU WANT BECOME,3,ISL_0396_S3,WANT BECOME,WANT BECOME
i enjoyed a lot,ISL_CSLRT_Corpus\Videos_Sentence_Level\i enjoyed a lot\enjoy (2).MP4,I ENJOYED A LOT,0,ISL_0239_S0,ENJOYED LOT,ENJOYED ALLOT
why are you disappointed,ISL_CSLRT_Corpus\Videos_Sentence_Level\why are you disappointed\disappointed (5).MP4, YOU DISAPPOINTED WHY,2,ISL_0440_S2,DISAPPOINTED,DISAPPOINTED
let him take time,ISL_CSLRT_Corpus\Videos_Sentence_Level\let him take time\time (4).MP4,LET HIM TAKE TIME,5,ISL_0287_S5,LET TAKE TIME,LET TAKE TIME
you are welcome,ISL_CSLRT_Corpus\Videos_Sentence_Level\you are welcome\welcome (5).MP4,YOU WELCOME,2,ISL_0456_S2,WELCOME,RECEIVE
let him take time,ISL_CSLRT_Corpus\Videos_Sentence_Level\let him take time\time (3).MP4,LET HIM TAKE TIME,1,ISL_0286_S1,LET TAKE TIME,LASHKAR-E-TAYYIBA TAKE TIME
could you please talk slower,ISL_CSLRT_Corpus\Videos_Sentence_Level\could you please talk slower\could you please talk slower (4).MP4,YOU PLEASE TALK SLOWER,3,ISL_0038_S3,COULD PLEASE TALK SLOWER,COULD PLEASE TALK SLOWER
do not be stubborn,ISL_CSLRT_Corpus\Videos_Sentence_Level\do not be stubborn\stubborn (3).MP4,STUBBORN  BE DONOT,0,ISL_0052_S0,STUBBORN,STUBBORN
comb your hair,ISL_CSLRT_Corpus\Videos_Sentence_Level\comb your hair\comb (3).MP4,COMB YOU HAIR,5,ISL_0028_S5,COMB HAIR,COMB HAIRCLOTH
nice to meet you,ISL_CSLRT_Corpus\Videos_Sentence_Level\nice to meet you\nice to meet you (3).MP4,NICE MEET YOU,0,ISL_0296_S0,NICE MEET,OVERNICE FIT
how old are you,ISL_CSLRT_Corpus\Videos_Sentence_Level\how old are you\how old are you (3).MP4,HOW OLD YOU,4,ISL_0139_S4,OLD,OLD
bring water for me,ISL_CSLRT_Corpus\Videos_Sentence_Level\bring water for me\bring water for me (8).MP4,BRING WATER ME,0,ISL_0015_S0,BRING WATER,BRING PISS
speak softly,ISL_CSLRT_Corpus\Videos_Sentence_Level\speak softly\softly 1.MP4,SPEAK SOFTLY,0,ISL_0332_S0,SPEAK SOFTLY,SPEAK SOFTLY
i am hungry,ISL_CSLRT_Corpus\Videos_Sentence_Level\i am hungry\i am hungry   (3).MP4,I HUNGRY,0,ISL_0174_S0,HUNGRY,ATHIRST
my name is xxxxxxxx,ISL_CSLRT_Corpus\Videos_Sentence_Level\my name is xxxxxxxx\my name is xxxxxxxx (5).MP4,MY NAME XXXXXXXX,2,ISL_0294_S2,NAME XXXXXXXX,NAME XXXXXXXX
i got hurt,ISL_CSLRT_Corpus\Videos_Sentence_Level\i got hurt\got hurt (4).MP4,I GOT HURT,4,ISL_0247_S4,GOT HURT,GOT HURT
are you free today,ISL_CSLRT_Corpus\Videos_Sentence_Level\are you free today\free (5).MP4,YOU FREE TODAY,5,ISL_0004_S5,FREE TODAY,LOOSE NOWADAYS
i can not help you there,ISL_CSLRT_Corpus\Videos_Sentence_Level\i can not help you there\MVI_6109.MP4,I  HELP NOT,2,ISL_0218_S2,HELP,HELP
i am hungry,ISL_CSLRT_Corpus\Videos_Sentence_Level\i am hungry\i am hungry   (4).MP4,I HUNGRY,0,ISL_0175_S0,HUNGRY,HUNGRY
i do not mean it,ISL_CSLRT_Corpus\Videos_Sentence_Level\i do not mean it\mean (2).MP4,I  MEAN IT DO NOT,6,ISL_0233_S6,MEAN,MEAN
do me a favour,ISL_CSLRT_Corpus\Videos_Sentence_Level\do me a favour\favour (5).MP4,DO  FAVOUR ME,0,ISL_0045_S0,FAVOUR,PRIVILEGE
i was stopped by some one,ISL_CSLRT_Corpus\Videos_Sentence_Level\i was stopped by some one\MVI_6955.MP4,I STOPPED BY SOMEONE,6,ISL_0271_S6,STOPPED ONE,STOPPED ONE
i really appreciate it,ISL_CSLRT_Corpus\Videos_Sentence_Level\i really appreciate it\i really appreciate it (4).MP4,I REALLY APPRECIATE IT,4,ISL_0261_S4,REALLY APPRECIATE,ACTUALLY APPRECIATE
had your food,ISL_CSLRT_Corpus\Videos_Sentence_Level\had your food\food (2).MP4, FOOD HAD,4,ISL_0081_S4,FOOD,FOOD
i am not really sure,ISL_CSLRT_Corpus\Videos_Sentence_Level\i am not really sure\MVI_6546.MP4,I  REALLY NOT SURE,1,ISL_0184_S1,REALLY SURE,REALLY SURE
when will the train leave,ISL_CSLRT_Corpus\Videos_Sentence_Level\when will the train leave\leave.MP4, TRAIN LEAVE WHEN,0,ISL_0417_S0,TRAIN LEAVE,TRAIN LEAVE
how can i trust you,ISL_CSLRT_Corpus\Videos_Sentence_Level\how can i trust you\trust (2).MP4,I TRUST YOU HOW ,5,ISL_0129_S5,TRUST,TRUST
what you want,ISL_CSLRT_Corpus\Videos_Sentence_Level\what you want\what you want (5).MP4,YOU WANT WHAT ,2,ISL_0411_S2,WANT,WANT
i really appreciate it,ISL_CSLRT_Corpus\Videos_Sentence_Level\i really appreciate it\i really appreciate it (7).MP4,I REALLY APPRECIATE IT,0,ISL_0264_S0,REALLY APPRECIATE,REALLY APPRECIATE
nice to meet you,ISL_CSLRT_Corpus\Videos_Sentence_Level\nice to meet you\nice to meet you (1).MP4,NICE MEET YOU,1,ISL_0295_S1,NICE MEET,NICE MEET
i somehow got to know about it,ISL_CSLRT_Corpus\Videos_Sentence_Level\i somehow got to know about it\somehow.MP4,I SOMEHOW GOT KNOW ABOUT IT,3,ISL_0269_S3,SOMEHOW GOT KNOW,SOMEHOW GOT KNOW
i do not like it,ISL_CSLRT_Corpus\Videos_Sentence_Level\i do not like it\hate it.MP4,I  LIKE IT DO NOT,5,ISL_0231_S5,LIKE,LIKE
nice to meet you,ISL_CSLRT_Corpus\Videos_Sentence_Level\nice to meet you\nice to meet you (1).MP4,NICE MEET YOU,4,ISL_0295_S4,NICE MEET,NICE MEET
i am in dilemma what to do,ISL_CSLRT_Corpus\Videos_Sentence_Level\i am in dilemma what to do\dilemma (3).MP4,I DILEMMA WHAT TO DO,4,ISL_0180_S4,DILEMMA,DILEMMA
i am sitting in the class,ISL_CSLRT_Corpus\Videos_Sentence_Level\i am sitting in the class\sitting (3).MP4,I SITTING CLASS,0,ISL_0195_S0,SITTING CLASS,SITTING CLASS
why are you disappointed,ISL_CSLRT_Corpus\Videos_Sentence_Level\why are you disappointed\disappointed (5).MP4, YOU DISAPPOINTED WHY,0,ISL_0440_S0,DISAPPOINTED,THWARTED
can i help you,ISL_CSLRT_Corpus\Videos_Sentence_Level\can i help you\help (2).MP4,I HELP YOU,3,ISL_0017_S3,HELP,HELP
he she is my friend,ISL_CSLRT_Corpus\Videos_Sentence_Level\he she is my friend\MVI_6500.MP4,YOU MY FRIEND,5,ISL_0104_S5,FRIEND,ACQUAINTANCE
i am (age),ISL_CSLRT_Corpus\Videos_Sentence_Level\i am (age)\i am (age) (3).MP4,I OLD,5,ISL_0146_S5,AGE,GET_ON
what you want,ISL_CSLRT_Corpus\Videos_Sentence_Level\what you want\what you want (3).MP4,YOU WANT WHAT ,1,ISL_0409_S1,WANT,DESIRE
i enjoyed a lot,ISL_CSLRT_Corpus\Videos_Sentence_Level\i enjoyed a lot\enjoyed (3).MP4,I ENJOYED A LOT,1,ISL_0242_S1,ENJOYED LOT,ENJOYED LOT
take care of yourself,ISL_CSLRT_Corpus\Videos_Sentence_Level\take care of yourself\Take care (2).MP4,TAKE CARE  YOURSELF,5,ISL_0334_S5,TAKE CARE,TAKE ATTENTION
why are you angry,ISL_CSLRT_Corpus\Videos_Sentence_Level\why are you angry\angry.MP4,YOU ANGRY WHY ,0,ISL_0431_S0,ANGRY,FURIOUS
do not take it to the heart,ISL_CSLRT_Corpus\Videos_Sentence_Level\do not take it to the heart\heart.MP4,YOU  HEART DONOT TAKE IT,0,ISL_0064_S0,TAKE HEART,HOLD HEART
how old are you,ISL_CSLRT_Corpus\Videos_Sentence_Level\how old are you\how old are you (4).MP4,HOW OLD YOU,3,ISL_0140_S3,OLD,OLD
why are you disappointed,ISL_CSLRT_Corpus\Videos_Sentence_Level\why are you disappointed\disappointed (4).MP4, YOU DISAPPOINTED WHY,0,ISL_0439_S0,DISAPPOINTED,DISAPPOINTED
This place is beautiful,ISL_CSLRT_Corpus\Videos_Sentence_Level\This place is beautiful\MVI_6502.MP4,THIS PLACE BEAUTIFUL,4,ISL_0357_S4,PLACE BEAUTIFUL,PLACE BEAUTIFUL
i really appreciate it,ISL_CSLRT_Corpus\Videos_Sentence_Level\i really appreciate it\i really appreciate it (7).MP4,I REALLY APPRECIATE IT,6,ISL_0264_S6,REALLY APPRECIATE,RATTLING TREASURE
i promise,ISL_CSLRT_Corpus\Videos_Sentence_Level\i promise\promise.MP4,I PROMISE,1,ISL_0259_S1,PROMISE,PROMISE
comb your hair,ISL_CSLRT_Corpus\Videos_Sentence_Level\comb your hair\comb (2).MP4,COMB YOU HAIR,4,ISL_0027_S4,COMB HAIR,COMB HAIR
take care of yourself,ISL_CSLRT_Corpus\Videos_Sentence_Level\take care of yourself\take care.MP4,TAKE CARE  YOURSELF,6,ISL_0338_S6,TAKE CARE,TAKE CARE
nice to meet you,ISL_CSLRT_Corpus\Videos_Sentence_Level\nice to meet you\nice to meet you (5).MP4,NICE MEET YOU,3,ISL_0298_S3,NICE MEET,NICE FORGATHER
what you want,ISL_CSLRT_Corpus\Videos_Sentence_Level\what you want\what you want (5).MP4,YOU WANT WHAT ,1,ISL_0411_S1,WANT,WISH
how old are you,ISL_CSLRT_Corpus\Videos_Sentence_Level\how old are you\how old are you (5).MP4,HOW OLD YOU,1,ISL_0141_S1,OLD,SURE-ENOUGH
i promise,ISL_CSLRT_Corpus\Videos_Sentence_Level\i promise\promise (2).MP4,I PROMISE,0,ISL_0255_S0,PROMISE,ASSURE
try to understand,ISL_CSLRT_Corpus\Videos_Sentence_Level\try to understand\understand (2).MP4,YOU TRY UNDERSTAND,4,ISL_0358_S4,TRY UNDERSTAND,TRY UNDERSTAND
comb your hair,ISL_CSLRT_Corpus\Videos_Sentence_Level\comb your hair\comb (5).MP4,COMB YOU HAIR,6,ISL_0030_S6,COMB HAIR,COMB HAIR
congratulations,ISL_CSLRT_Corpus\Videos_Sentence_Level\congratulations\congratulations (7).MP4,CONGRATULATIIONS,1,ISL_0036_S1,CONGRATULATIONS,PRAISE
i got hurt,ISL_CSLRT_Corpus\Videos_Sentence_Level\i got hurt\got hurt (5).MP4,I GOT HURT,5,ISL_0248_S5,GOT HURT,DUMBFOUND SUFFER
i am (age),ISL_CSLRT_Corpus\Videos_Sentence_Level\i am (age)\i am (age) (4).MP4,I OLD,4,ISL_0147_S4,AGE,AGE
i do not agree,ISL_CSLRT_Corpus\Videos_Sentence_Level\i do not agree\agree (3).MP4,I AGREE DONOT ,4,ISL_0224_S4,AGREE,AGREE
bring water for me,ISL_CSLRT_Corpus\Videos_Sentence_Level\bring water for me\bring water for me (8).MP4,BRING WATER ME,1,ISL_0015_S1,BRING WATER,LEND WATER
i am really grateful,ISL_CSLRT_Corpus\Videos_Sentence_Level\i am really grateful\MVI_6539.MP4,I REALLY GRATEFUL,6,ISL_0191_S6,REALLY GRATEFUL,REALLY GRATEFUL
tell me truth,ISL_CSLRT_Corpus\Videos_Sentence_Level\tell me truth\truth (2).MP4,TELL TRUTH,1,ISL_0339_S1,TELL TRUTH,DIFFERENTIATE VERITY
i really appreciate it,ISL_CSLRT_Corpus\Videos_Sentence_Level\i really appreciate it\i really appreciate it (6).MP4,I REALLY APPRECIATE IT,2,ISL_0263_S2,REALLY APPRECIATE,REALLY APPRECIATE
he is on the way,ISL_CSLRT_Corpus\Videos_Sentence_Level\he is on the way\way.MP4,HE ON THE WAY,3,ISL_0099_S3,WAY,WAY
do not abuse him,ISL_CSLRT_Corpus\Videos_Sentence_Level\do not abuse him\abuse (2).MP4, HIM ABUSE DONOT,3,ISL_0047_S3,ABUSE,MISTREAT
No need to worry dont worry,ISL_CSLRT_Corpus\Videos_Sentence_Level\No need to worry dont worry\MVI_6496.MP4,NO NEED WORRY DONT WORRY,0,ISL_0300_S0,NEED WORRY DONT WORRY,NEED WORRY DONT HEADACHE
you are good,ISL_CSLRT_Corpus\Videos_Sentence_Level\you are good\good (5).MP4,YOU GOOD,0,ISL_0451_S0,GOOD,GOOD
you can do it,ISL_CSLRT_Corpus\Videos_Sentence_Level\you can do it\can do.MP4,YOU DO IT,3,ISL_0462_S3,,nan
serve the food,ISL_CSLRT_Corpus\Videos_Sentence_Level\serve the food\serve (2).MP4,FOOD SERVE ,3,ISL_0316_S3,SERVE FOOD,WAIT_ON INTELLECTUAL_NOURISHMENT
i am not really sure,ISL_CSLRT_Corpus\Videos_Sentence_Level\i am not really sure\MVI_6546.MP4,I  REALLY NOT SURE,5,ISL_0184_S5,REALLY SURE,IN_TRUTH SURE
what happened,ISL_CSLRT_Corpus\Videos_Sentence_Level\what happened\happen.MP4,HAPPENED WHAT ,1,ISL_0397_S1,HAPPENED,HAPPENED
i need water,ISL_CSLRT_Corpus\Videos_Sentence_Level\i need water\i need water 3.MP4,I WATER NEED ,3,ISL_0250_S3,NEED WATER,NEED WATER
how are things,ISL_CSLRT_Corpus\Videos_Sentence_Level\how are things\things (3).MP4, THINGS HOW,0,ISL_0121_S0,THINGS,THINGS
shall we go outside,ISL_CSLRT_Corpus\Videos_Sentence_Level\shall we go outside\outside (2).MP4,OUTSIDE GO ,1,ISL_0324_S1,SHALL GO OUTSIDE,SHALL GO OUTSIDE
do not make me angry,ISL_CSLRT_Corpus\Videos_Sentence_Level\do not make me angry\me angry (3).MP4,YOU ANGRY DONOT,3,ISL_0056_S3,MAKE ANGRY,CA-CA ANGRY
he she is my friend,ISL_CSLRT_Corpus\Videos_Sentence_Level\he she is my friend\friend (2).MP4,YOU MY FRIEND,2,ISL_0100_S2,FRIEND,FRIEND
He is going into the room,ISL_CSLRT_Corpus\Videos_Sentence_Level\He is going into the room\room (3).MP4,HE ROOM  GO  ,2,ISL_0093_S2,GOING ROOM,GOING ROOM
i am feeling cold,ISL_CSLRT_Corpus\Videos_Sentence_Level\i am feeling cold\cold (3).MP4,I FEEL COLD,3,ISL_0165_S3,FEELING COLD,FEELING FRIGIDITY
why are you angry,ISL_CSLRT_Corpus\Videos_Sentence_Level\why are you angry\angry (2).MP4,YOU ANGRY WHY ,6,ISL_0427_S6,ANGRY,ANGRY
you can do it,ISL_CSLRT_Corpus\Videos_Sentence_Level\you can do it\can do (5).MP4,YOU DO IT,6,ISL_0461_S6,,NAAN
comb your hair,ISL_CSLRT_Corpus\Videos_Sentence_Level\comb your hair\comb (4).MP4,COMB YOU HAIR,3,ISL_0029_S3,COMB HAIR,RANSACK HAIR
help me,ISL_CSLRT_Corpus\Videos_Sentence_Level\help me\help me (1).MP4,HELP ME,0,ISL_0110_S0,HELP,SUPPORTER
speak softly,ISL_CSLRT_Corpus\Videos_Sentence_Level\speak softly\softly (5).MP4,SPEAK SOFTLY,2,ISL_0331_S2,SPEAK SOFTLY,SPEAK SOFTLY
try to understand,ISL_CSLRT_Corpus\Videos_Sentence_Level\try to understand\understand (2).MP4,YOU TRY UNDERSTAND,3,ISL_0358_S3,TRY UNDERSTAND,TASTE UNDERSTAND
i am very happy,ISL_CSLRT_Corpus\Videos_Sentence_Level\i am very happy\very happy (3).MP4,I VERY HAPPY,0,ISL_0215_S0,HAPPY,HAPPY
do me a favour,ISL_CSLRT_Corpus\Videos_Sentence_Level\do me a favour\favour (5).MP4,DO  FAVOUR ME,5,ISL_0045_S5,FAVOUR,PRIVILEGE
why are you crying,ISL_CSLRT_Corpus\Videos_Sentence_Level\why are you crying\crying (4).MP4, YOU CRY WHY,0,ISL_0434_S0,CRYING,CRYING
what is your phone number,ISL_CSLRT_Corpus\Videos_Sentence_Level\what is your phone number\what is your phone number (5).MP4, YOUR PHONE NUMBER WHAT,4,ISL_0406_S4,PHONE NUMBER,PHONE NUMBER
how old are you,ISL_CSLRT_Corpus\Videos_Sentence_Level\how old are you\how old are you (4).MP4,HOW OLD YOU,1,ISL_0140_S1,OLD,HONEST-TO-GOD
i am suffering from fever,ISL_CSLRT_Corpus\Videos_Sentence_Level\i am suffering from fever\fever (2).MP4,I FEVER SUFFERING  ,3,ISL_0204_S3,SUFFERING FEVER,WOE FEVER
you are bad,ISL_CSLRT_Corpus\Videos_Sentence_Level\you are bad\bad (2).MP4,YOU BAD,1,ISL_0442_S1,BAD,DEFECTIVE
are you free today,ISL_CSLRT_Corpus\Videos_Sentence_Level\are you free today\free (2).MP4,YOU FREE TODAY,5,ISL_0001_S5,FREE TODAY,COMPLIMENTARY TODAY
i do not mean it,ISL_CSLRT_Corpus\Videos_Sentence_Level\i do not mean it\mean (3).MP4,I  MEAN IT DO NOT,4,ISL_0234_S4,MEAN,MEAN
This place is beautiful,ISL_CSLRT_Corpus\Videos_Sentence_Level\This place is beautiful\beautiful (4).MP4,THIS PLACE BEAUTIFUL,0,ISL_0355_S0,PLACE BEAUTIFUL,PLACE BEAUTIFUL
i am so sorry to hear that,ISL_CSLRT_Corpus\Videos_Sentence_Level\i am so sorry to hear that\sorry hear (5).MP4,I SORRY  HEAR THAT,3,ISL_0202_S3,SORRY HEAR,SORRY HEAR
why are you crying,ISL_CSLRT_Corpus\Videos_Sentence_Level\why are you crying\crying (5).MP4, YOU CRY WHY,1,ISL_0435_S1,CRYING,CRYING
are you hiding something,ISL_CSLRT_Corpus\Videos_Sentence_Level\are you hiding something\MVI_6958.MP4,YOU HIDE SOMETHING,6,ISL_0010_S6,HIDING SOMETHING,HIDING SOMETHING
do me a favour,ISL_CSLRT_Corpus\Videos_Sentence_Level\do me a favour\favour.MP4,DO  FAVOUR ME,0,ISL_0046_S0,FAVOUR,FAVOUR
pour some more water into the glass,ISL_CSLRT_Corpus\Videos_Sentence_Level\pour some more water into the glass\pour (4).MP4,WATER POUR  GLASS,5,ISL_0308_S5,POUR WATER GLASS,POUR URINE LOOKING_GLASS
i can not help you there,ISL_CSLRT_Corpus\Videos_Sentence_Level\i can not help you there\MVI_6399.MP4,I  HELP NOT,0,ISL_0219_S0,HELP,HELP
i really appreciate it,ISL_CSLRT_Corpus\Videos_Sentence_Level\i really appreciate it\i really appreciate it (3).MP4,I REALLY APPRECIATE IT,6,ISL_0260_S6,REALLY APPRECIATE,ACTUALLY APPRECIATE
my name is xxxxxxxx,ISL_CSLRT_Corpus\Videos_Sentence_Level\my name is xxxxxxxx\my name is xxxxxxxx (3).MP4,MY NAME XXXXXXXX,2,ISL_0292_S2,NAME XXXXXXXX,KEY XXXXXXXX
who are you,ISL_CSLRT_Corpus\Videos_Sentence_Level\who are you\who are you (5).MP4,YOU WHO ,6,ISL_0425_S6,,nan
that is so kind of you,ISL_CSLRT_Corpus\Videos_Sentence_Level\that is so kind of you\MVI_6722.MP4, YOU KIND THAT,3,ISL_0351_S3,KIND,KIND
thank you so much,ISL_CSLRT_Corpus\Videos_Sentence_Level\thank you so much\thank you so much (3).MP4,THANK YOU SO MUCH,6,ISL_0344_S6,THANK MUCH,THANK MUCH
serve the food,ISL_CSLRT_Corpus\Videos_Sentence_Level\serve the food\serve (3).MP4,FOOD SERVE ,6,ISL_0317_S6,SERVE FOOD,ANSWER FOOD
i need water,ISL_CSLRT_Corpus\Videos_Sentence_Level\i need water\i need water 5.MP4,I WATER NEED ,0,ISL_0252_S0,NEED WATER,NEED WATER
how are things,ISL_CSLRT_Corpus\Videos_Sentence_Level\how are things\things.MP4, THINGS HOW,2,ISL_0123_S2,THINGS,AFFAIR
i am so sorry to hear that,ISL_CSLRT_Corpus\Videos_Sentence_Level\i am so sorry to hear that\sorry hear (2).MP4,I SORRY  HEAR THAT,3,ISL_0199_S3,SORRY HEAR,SORRY HEAR
where are you from,ISL_CSLRT_Corpus\Videos_Sentence_Level\where are you from\where are you from (4).MP4,YOU FROM WHERE ,4,ISL_0420_S4,,GRANDMA
do you need something,ISL_CSLRT_Corpus\Videos_Sentence_Level\do you need something\need something (2).MP4,DO YOU NEED SOMETHING,4,ISL_0070_S4,NEED SOMETHING,NEED SOMETHING
congratulations,ISL_CSLRT_Corpus\Videos_Sentence_Level\congratulations\congratulations (5).MP4,CONGRATULATIIONS,3,ISL_0034_S3,CONGRATULATIONS,CONGRATULATIONS
i somehow got to know about it,ISL_CSLRT_Corpus\Videos_Sentence_Level\i somehow got to know about it\somehow (2).MP4,I SOMEHOW GOT KNOW ABOUT IT,2,ISL_0265_S2,SOMEHOW GOT KNOW,SOMEHOW GOT KNOW
He is going into the room,ISL_CSLRT_Corpus\Videos_Sentence_Level\He is going into the room\room.MP4,HE ROOM  GO  ,3,ISL_0095_S3,GOING ROOM,GOING ROOM
let him take time,ISL_CSLRT_Corpus\Videos_Sentence_Level\let him take time\time (3).MP4,LET HIM TAKE TIME,6,ISL_0286_S6,LET TAKE TIME,LET DRIVE TIME
go and sleep,ISL_CSLRT_Corpus\Videos_Sentence_Level\go and sleep\sleep (3).MP4,GO SLEEP,2,ISL_0076_S2,GO SLEEP,GO SLEEP
comb your hair,ISL_CSLRT_Corpus\Videos_Sentence_Level\comb your hair\comb.MP4,COMB YOU HAIR,1,ISL_0031_S1,COMB HAIR,COMB HAIR
he would be coming today,ISL_CSLRT_Corpus\Videos_Sentence_Level\he would be coming today\today (5).MP4,HE COMING TODAY,5,ISL_0108_S5,WOULD COMING TODAY,WOULD COMING TODAY
can you repeat that please,ISL_CSLRT_Corpus\Videos_Sentence_Level\can you repeat that please\can you repeat that please (5).MP4,YOU REPEAT PLEASE,5,ISL_0025_S5,REPEAT PLEASE,ITERATE PLEASE
how are things,ISL_CSLRT_Corpus\Videos_Sentence_Level\how are things\things.MP4, THINGS HOW,3,ISL_0123_S3,THINGS,AFFAIR
shall we go outside,ISL_CSLRT_Corpus\Videos_Sentence_Level\shall we go outside\outside (4).MP4,OUTSIDE GO ,3,ISL_0326_S3,SHALL GO OUTSIDE,SHALL TURN REMOTE
can i help you,ISL_CSLRT_Corpus\Videos_Sentence_Level\can i help you\cannot help.MP4,I HELP YOU,1,ISL_0016_S1,HELP,ASSISTANCE
i am sitting in the class,ISL_CSLRT_Corpus\Videos_Sentence_Level\i am sitting in the class\sitting (5).MP4,I SITTING CLASS,3,ISL_0197_S3,SITTING CLASS,SITTING YEAR
are you free today,ISL_CSLRT_Corpus\Videos_Sentence_Level\are you free today\free (2).MP4,YOU FREE TODAY,0,ISL_0001_S0,FREE TODAY,FREE NOW
how can i help you,ISL_CSLRT_Corpus\Videos_Sentence_Level\how can i help you\how can i help you (5).MP4, I HELP YOU HOW,1,ISL_0126_S1,HELP,HELP_ONESELF
take care of yourself,ISL_CSLRT_Corpus\Videos_Sentence_Level\take care of yourself\take care (5).MP4,TAKE CARE  YOURSELF,3,ISL_0337_S3,TAKE CARE,TAKE CARE
thank you so much,ISL_CSLRT_Corpus\Videos_Sentence_Level\thank you so much\thank you so much (1).MP4,THANK YOU SO MUCH,6,ISL_0343_S6,THANK MUCH,GIVE_THANKS MUCH
why are you crying,ISL_CSLRT_Corpus\Videos_Sentence_Level\why are you crying\crying (3).MP4, YOU CRY WHY,0,ISL_0433_S0,CRYING,CRYING
what you want,ISL_CSLRT_Corpus\Videos_Sentence_Level\what you want\what you want (5).MP4,YOU WANT WHAT ,6,ISL_0411_S6,WANT,WANT
why are you disappointed,ISL_CSLRT_Corpus\Videos_Sentence_Level\why are you disappointed\disappointed (4).MP4, YOU DISAPPOINTED WHY,5,ISL_0439_S5,DISAPPOINTED,DISAPPOINTED
that is so kind of you,ISL_CSLRT_Corpus\Videos_Sentence_Level\that is so kind of you\MVI_6106.MP4, YOU KIND THAT,2,ISL_0348_S2,KIND,KIND
can i help you,ISL_CSLRT_Corpus\Videos_Sentence_Level\can i help you\help.MP4,I HELP YOU,4,ISL_0021_S4,HELP,ASSISTANT
i am tired,ISL_CSLRT_Corpus\Videos_Sentence_Level\i am tired\tired (5).MP4,I TIRED,0,ISL_0212_S0,TIRED,TIRED
i am feeling cold,ISL_CSLRT_Corpus\Videos_Sentence_Level\i am feeling cold\cold.MP4,I FEEL COLD,3,ISL_0168_S3,FEELING COLD,FEELING STALE
i was stopped by some one,ISL_CSLRT_Corpus\Videos_Sentence_Level\i was stopped by some one\MVI_6955.MP4,I STOPPED BY SOMEONE,0,ISL_0271_S0,STOPPED ONE,STOPPED I
"you do anything, i do not care","ISL_CSLRT_Corpus\Videos_Sentence_Level\you do anything, i do not care\dont care.MP4","YOU DO ANYTHING, I DONOT CARE",4,ISL_0466_S4,ANYTHING CARE,ANYTHING CARE
i am tired,ISL_CSLRT_Corpus\Videos_Sentence_Level\i am tired\tired.MP4,I TIRED,4,ISL_0213_S4,TIRED,HACKNEYED
he is on the way,ISL_CSLRT_Corpus\Videos_Sentence_Level\he is on the way\way (3).MP4,HE ON THE WAY,5,ISL_0097_S5,WAY,PATH
i am sitting in the class,ISL_CSLRT_Corpus\Videos_Sentence_Level\i am sitting in the class\sitting (4).MP4,I SITTING CLASS,6,ISL_0196_S6,SITTING CLASS,SITTING CLASS
i am afraid of that,ISL_CSLRT_Corpus\Videos_Sentence_Level\i am afraid of that\afraid (3).MP4,I AFRAID THAT,0,ISL_0150_S0,AFRAID,AFRAID
shall we go outside,ISL_CSLRT_Corpus\Videos_Sentence_Level\shall we go outside\outside (4).MP4,OUTSIDE GO ,6,ISL_0326_S6,SHALL GO OUTSIDE,SHALL GO OUTSIDE
i somehow got to know about it,ISL_CSLRT_Corpus\Videos_Sentence_Level\i somehow got to know about it\somehow (2).MP4,I SOMEHOW GOT KNOW ABOUT IT,4,ISL_0265_S4,SOMEHOW GOT KNOW,SOMEHOW GOT KNOW
wear the shirt,ISL_CSLRT_Corpus\Videos_Sentence_Level\wear the shirt\shirt.MP4, SHIRT WEAR,5,ISL_0372_S5,WEAR SHIRT,FALL_APART SHIRT
wear the shirt,ISL_CSLRT_Corpus\Videos_Sentence_Level\wear the shirt\shirt (2).MP4, SHIRT WEAR,4,ISL_0368_S4,WEAR SHIRT,WEARABLE SHIRT
congratulations,ISL_CSLRT_Corpus\Videos_Sentence_Level\congratulations\congratulations (6).MP4,CONGRATULATIIONS,3,ISL_0035_S3,CONGRATULATIONS,CONGRATULATIONS
do not worry,ISL_CSLRT_Corpus\Videos_Sentence_Level\do not worry\worry (4).MP4,DONOT WORRY,3,ISL_0068_S3,WORRY,WORRY
i am very happy,ISL_CSLRT_Corpus\Videos_Sentence_Level\i am very happy\very happy (2).MP4,I VERY HAPPY,4,ISL_0214_S4,HAPPY,WELL-CHOSEN
congratulations,ISL_CSLRT_Corpus\Videos_Sentence_Level\congratulations\congratulations (5).MP4,CONGRATULATIIONS,0,ISL_0034_S0,CONGRATULATIONS,CONGRATULATIONS
i am in dilemma what to do,ISL_CSLRT_Corpus\Videos_Sentence_Level\i am in dilemma what to do\dilemma (3).MP4,I DILEMMA WHAT TO DO,0,ISL_0180_S0,DILEMMA,DILEMMA
who are you,ISL_CSLRT_Corpus\Videos_Sentence_Level\who are you\who are you (3).MP4,YOU WHO ,2,ISL_0423_S2,,nan
bring water for me,ISL_CSLRT_Corpus\Videos_Sentence_Level\bring water for me\bring water for me (1).MP4,BRING WATER ME,2,ISL_0011_S2,BRING WATER,CONTRIBUTE WATER
why are you angry,ISL_CSLRT_Corpus\Videos_Sentence_Level\why are you angry\angry (5).MP4,YOU ANGRY WHY ,3,ISL_0430_S3,ANGRY,ANGRY
congratulations,ISL_CSLRT_Corpus\Videos_Sentence_Level\congratulations\congratulations (6).MP4,CONGRATULATIIONS,4,ISL_0035_S4,CONGRATULATIONS,CONGRATULATIONS
can you repeat that please,ISL_CSLRT_Corpus\Videos_Sentence_Level\can you repeat that please\can you repeat that please (4).MP4,YOU REPEAT PLEASE,2,ISL_0024_S2,REPEAT PLEASE,REPEAT PLEASE
do not make me angry,ISL_CSLRT_Corpus\Videos_Sentence_Level\do not make me angry\me angry (5).MP4,YOU ANGRY DONOT,1,ISL_0058_S1,MAKE ANGRY,MAKE TEMPESTUOUS
i am in dilemma what to do,ISL_CSLRT_Corpus\Videos_Sentence_Level\i am in dilemma what to do\dilemma (2).MP4,I DILEMMA WHAT TO DO,5,ISL_0179_S5,DILEMMA,DILEMMA
why are you angry,ISL_CSLRT_Corpus\Videos_Sentence_Level\why are you angry\angry (2).MP4,YOU ANGRY WHY ,3,ISL_0427_S3,ANGRY,ANGRY
you are good,ISL_CSLRT_Corpus\Videos_Sentence_Level\you are good\good (4).MP4,YOU GOOD,0,ISL_0450_S0,GOOD,GOOD
pour some more water into the glass,ISL_CSLRT_Corpus\Videos_Sentence_Level\pour some more water into the glass\pour (2).MP4,WATER POUR  GLASS,1,ISL_0306_S1,POUR WATER GLASS,POUR WATER GLASS
comb your hair,ISL_CSLRT_Corpus\Videos_Sentence_Level\comb your hair\comb (2).MP4,COMB YOU HAIR,5,ISL_0027_S5,COMB HAIR,RANSACK HAIR
are you hiding something,ISL_CSLRT_Corpus\Videos_Sentence_Level\are you hiding something\MVI_6685.MP4,YOU HIDE SOMETHING,1,ISL_0008_S1,HIDING SOMETHING,HIDING SOMETHING
what happened,ISL_CSLRT_Corpus\Videos_Sentence_Level\what happened\MVI_6495.MP4,HAPPENED WHAT ,6,ISL_0401_S6,HAPPENED,HAPPENED
i am fine. thank you sir,ISL_CSLRT_Corpus\Videos_Sentence_Level\i am fine. thank you sir\fine thank (3).MP4,I FINE THANK YOU ,4,ISL_0170_S4,FINE THANK SIR,FINE GIVE_THANKS SIR
he she is my friend,ISL_CSLRT_Corpus\Videos_Sentence_Level\he she is my friend\friend.MP4,YOU MY FRIEND,6,ISL_0103_S6,FRIEND,CHAMPION
why are you disappointed,ISL_CSLRT_Corpus\Videos_Sentence_Level\why are you disappointed\disappointed (3).MP4, YOU DISAPPOINTED WHY,3,ISL_0438_S3,DISAPPOINTED,FRUSTRATED
he she is my friend,ISL_CSLRT_Corpus\Videos_Sentence_Level\he she is my friend\friend.MP4,YOU MY FRIEND,2,ISL_0103_S2,FRIEND,SUPPORTER
try to understand,ISL_CSLRT_Corpus\Videos_Sentence_Level\try to understand\understand (5).MP4,YOU TRY UNDERSTAND,5,ISL_0361_S5,TRY UNDERSTAND,TRY UNDERSTAND
i am really grateful,ISL_CSLRT_Corpus\Videos_Sentence_Level\i am really grateful\MVI_6104.MP4,I REALLY GRATEFUL,0,ISL_0189_S0,REALLY GRATEFUL,REALLY THANKFUL
do not make me angry,ISL_CSLRT_Corpus\Videos_Sentence_Level\do not make me angry\me angry (4).MP4,YOU ANGRY DONOT,4,ISL_0057_S4,MAKE ANGRY,WEE ANGRY
why are you angry,ISL_CSLRT_Corpus\Videos_Sentence_Level\why are you angry\angry (4).MP4,YOU ANGRY WHY ,2,ISL_0429_S2,ANGRY,ANGRY
i got hurt,ISL_CSLRT_Corpus\Videos_Sentence_Level\i got hurt\got hurt (5).MP4,I GOT HURT,3,ISL_0248_S3,GOT HURT,ENGENDER HURT
"you do anything, i do not care","ISL_CSLRT_Corpus\Videos_Sentence_Level\you do anything, i do not care\dont care (2).MP4","YOU DO ANYTHING, I DONOT CARE",5,ISL_0465_S5,ANYTHING CARE,ANYTHING FORETHOUGHT
you are welcome,ISL_CSLRT_Corpus\Videos_Sentence_Level\you are welcome\welcome.MP4,YOU WELCOME,2,ISL_0457_S2,WELCOME,WELCOME
speak softly,ISL_CSLRT_Corpus\Videos_Sentence_Level\speak softly\softly (4).MP4,SPEAK SOFTLY,5,ISL_0330_S5,SPEAK SOFTLY,TALK GENTLY
how can i trust you,ISL_CSLRT_Corpus\Videos_Sentence_Level\how can i trust you\trust (3).MP4,I TRUST YOU HOW ,2,ISL_0130_S2,TRUST,CONFIDENCE
try to understand,ISL_CSLRT_Corpus\Videos_Sentence_Level\try to understand\understand (2).MP4,YOU TRY UNDERSTAND,6,ISL_0358_S6,TRY UNDERSTAND,TRY UNDERSTAND
shall we go outside,ISL_CSLRT_Corpus\Videos_Sentence_Level\shall we go outside\outside (3).MP4,OUTSIDE GO ,0,ISL_0325_S0,SHALL GO OUTSIDE,SHALL GO OUTSIDE
how can i trust you,ISL_CSLRT_Corpus\Videos_Sentence_Level\how can i trust you\trust (5).MP4,I TRUST YOU HOW ,4,ISL_0132_S4,TRUST,TRUST
we are all with you,ISL_CSLRT_Corpus\Videos_Sentence_Level\we are all with you\MVI_6957.MP4,WE ALL WITH YOU,5,ISL_0367_S5,,nan
i got hurt,ISL_CSLRT_Corpus\Videos_Sentence_Level\i got hurt\got hurt (4).MP4,I GOT HURT,0,ISL_0247_S0,GOT HURT,GOT WOUNDED
why are you crying,ISL_CSLRT_Corpus\Videos_Sentence_Level\why are you crying\crying (3).MP4, YOU CRY WHY,2,ISL_0433_S2,CRYING,CRYING
speak softly,ISL_CSLRT_Corpus\Videos_Sentence_Level\speak softly\softly (2).MP4,SPEAK SOFTLY,1,ISL_0328_S1,SPEAK SOFTLY,SPEAK SOFTLY
my name is xxxxxxxx,ISL_CSLRT_Corpus\Videos_Sentence_Level\my name is xxxxxxxx\my name is xxxxxxxx (5).MP4,MY NAME XXXXXXXX,5,ISL_0294_S5,NAME XXXXXXXX,NAME XXXXXXXX
i got hurt,ISL_CSLRT_Corpus\Videos_Sentence_Level\i got hurt\got hurt (5).MP4,I GOT HURT,1,ISL_0248_S1,GOT HURT,GOT HURT
i enjoyed a lot,ISL_CSLRT_Corpus\Videos_Sentence_Level\i enjoyed a lot\enjoyed.MP4,I ENJOYED A LOT,4,ISL_0244_S4,ENJOYED LOT,ENJOYED DISPENSE
can i help you,ISL_CSLRT_Corpus\Videos_Sentence_Level\can i help you\help.MP4,I HELP YOU,6,ISL_0021_S6,HELP,HELP
i am crying,ISL_CSLRT_Corpus\Videos_Sentence_Level\i am crying\i am crying (7).MP4,I CRY,0,ISL_0158_S0,CRYING,CRYING
do not worry,ISL_CSLRT_Corpus\Videos_Sentence_Level\do not worry\worry (4).MP4,DONOT WORRY,1,ISL_0068_S1,WORRY,TROUBLE
i am (age),ISL_CSLRT_Corpus\Videos_Sentence_Level\i am (age)\i am (age) (2).MP4,I OLD,6,ISL_0145_S6,AGE,AGE
i am afraid of that,ISL_CSLRT_Corpus\Videos_Sentence_Level\i am afraid of that\afraid (4).MP4,I AFRAID THAT,1,ISL_0151_S1,AFRAID,AFRAID
"you need a medicine, take this one","ISL_CSLRT_Corpus\Videos_Sentence_Level\you need a medicine, take this one\medicine (5).MP4","YOU NEED A MEDICINE, TAKE THIS ONE",1,ISL_0470_S1,NEED MEDICINE TAKE ONE,NEED MEDICAL_SPECIALTY INGEST ONE
thank you so much,ISL_CSLRT_Corpus\Videos_Sentence_Level\thank you so much\thank you so much (6).MP4,THANK YOU SO MUCH,4,ISL_0347_S4,THANK MUCH,THANK MUCH
do not abuse him,ISL_CSLRT_Corpus\Videos_Sentence_Level\do not abuse him\abuse.MP4, HIM ABUSE DONOT,4,ISL_0050_S4,ABUSE,ABUSE
you are good,ISL_CSLRT_Corpus\Videos_Sentence_Level\you are good\good (3).MP4,YOU GOOD,4,ISL_0449_S4,GOOD,GOOD
i can not help you there,ISL_CSLRT_Corpus\Videos_Sentence_Level\i can not help you there\MVI_6725.MP4,I  HELP NOT,1,ISL_0221_S1,HELP,AID
who are you,ISL_CSLRT_Corpus\Videos_Sentence_Level\who are you\who are you (5).MP4,YOU WHO ,5,ISL_0425_S5,,GRANNY
i promise,ISL_CSLRT_Corpus\Videos_Sentence_Level\i promise\promise (4).MP4,I PROMISE,5,ISL_0257_S5,PROMISE,PROMISE
how can i help you,ISL_CSLRT_Corpus\Videos_Sentence_Level\how can i help you\how can i help you (3).MP4, I HELP YOU HOW,1,ISL_0124_S1,HELP,HELP
i am afraid of that,ISL_CSLRT_Corpus\Videos_Sentence_Level\i am afraid of that\afraid.MP4,I AFRAID THAT,5,ISL_0153_S5,AFRAID,AFRAID
i am afraid of that,ISL_CSLRT_Corpus\Videos_Sentence_Level\i am afraid of that\afraid (2).MP4,I AFRAID THAT,4,ISL_0149_S4,AFRAID,AFRAID
i am sitting in the class,ISL_CSLRT_Corpus\Videos_Sentence_Level\i am sitting in the class\sitting.MP4,I SITTING CLASS,6,ISL_0198_S6,SITTING CLASS,SITTING CLASS
"you do anything, i do not care","ISL_CSLRT_Corpus\Videos_Sentence_Level\you do anything, i do not care\dont care (2).MP4","YOU DO ANYTHING, I DONOT CARE",2,ISL_0465_S2,ANYTHING CARE,ANYTHING CARE
i am suffering from fever,ISL_CSLRT_Corpus\Videos_Sentence_Level\i am suffering from fever\fever (4).MP4,I FEVER SUFFERING  ,5,ISL_0206_S5,SUFFERING FEVER,SUFFERING FEVER
what you want,ISL_CSLRT_Corpus\Videos_Sentence_Level\what you want\what you want (6).MP4,YOU WANT WHAT ,0,ISL_0412_S0,WANT,WANT
he would be coming today,ISL_CSLRT_Corpus\Videos_Sentence_Level\he would be coming today\today (2).MP4,HE COMING TODAY,5,ISL_0105_S5,WOULD COMING TODAY,WOULD COMING TODAY
i am hungry,ISL_CSLRT_Corpus\Videos_Sentence_Level\i am hungry\i am hungry   (5).MP4,I HUNGRY,0,ISL_0176_S0,HUNGRY,HUNGRY
are you hiding something,ISL_CSLRT_Corpus\Videos_Sentence_Level\are you hiding something\MVI_6685.MP4,YOU HIDE SOMETHING,2,ISL_0008_S2,HIDING SOMETHING,HIDING SOMETHING
when will the train leave,ISL_CSLRT_Corpus\Videos_Sentence_Level\when will the train leave\leave (3).MP4, TRAIN LEAVE WHEN,4,ISL_0414_S4,TRAIN LEAVE,TRAIN LEAVE
had your food,ISL_CSLRT_Corpus\Videos_Sentence_Level\had your food\food (5).MP4, FOOD HAD,1,ISL_0084_S1,FOOD,FOOD
what do you want to become,ISL_CSLRT_Corpus\Videos_Sentence_Level\what do you want to become\become (5).MP4,WHAT DO YOU WANT BECOME,2,ISL_0395_S2,WANT BECOME,WANT GET
i am very happy,ISL_CSLRT_Corpus\Videos_Sentence_Level\i am very happy\very happy (3).MP4,I VERY HAPPY,6,ISL_0215_S6,HAPPY,WELL-CHOSEN
i am suffering from fever,ISL_CSLRT_Corpus\Videos_Sentence_Level\i am suffering from fever\fever (4).MP4,I FEVER SUFFERING  ,6,ISL_0206_S6,SUFFERING FEVER,SUFFERING FEVER
i am not really sure,ISL_CSLRT_Corpus\Videos_Sentence_Level\i am not really sure\really sure (4).MP4,I  REALLY NOT SURE,6,ISL_0187_S6,REALLY SURE,IN_TRUTH SURE
who are you,ISL_CSLRT_Corpus\Videos_Sentence_Level\who are you\who are you (4).MP4,YOU WHO ,4,ISL_0424_S4,,nan
now onwards he will never hurt you,ISL_CSLRT_Corpus\Videos_Sentence_Level\now onwards he will never hurt you\never hurt (2).MP4,NOW ONWARDS HE HURT YOU NEVER ,4,ISL_0301_S4,ONWARDS NEVER HURT,ONWARDS NEVER ANGUISH
can i help you,ISL_CSLRT_Corpus\Videos_Sentence_Level\can i help you\help (5).MP4,I HELP YOU,5,ISL_0020_S5,HELP,HELP
let him take time,ISL_CSLRT_Corpus\Videos_Sentence_Level\let him take time\time.MP4,LET HIM TAKE TIME,4,ISL_0289_S4,LET TAKE TIME,LET READ TIME
i enjoyed a lot,ISL_CSLRT_Corpus\Videos_Sentence_Level\i enjoyed a lot\enjoyed (4).MP4,I ENJOYED A LOT,5,ISL_0243_S5,ENJOYED LOT,ENJOYED MASS
thank you so much,ISL_CSLRT_Corpus\Videos_Sentence_Level\thank you so much\thank you so much (3).MP4,THANK YOU SO MUCH,5,ISL_0344_S5,THANK MUCH,THANK MUCH
what have you planned for your career,ISL_CSLRT_Corpus\Videos_Sentence_Level\what have you planned for your career\MVI_6499.MP4, YOU PLAN CAREER WHAT,4,ISL_0402_S4,PLANNED CAREER,AFORETHOUGHT CAREER
do me a favour,ISL_CSLRT_Corpus\Videos_Sentence_Level\do me a favour\favour (2).MP4,DO  FAVOUR ME,3,ISL_0042_S3,FAVOUR,PRIVILEGE
you are bad,ISL_CSLRT_Corpus\Videos_Sentence_Level\you are bad\bad (3).MP4,YOU BAD,0,ISL_0443_S0,BAD,BAD
serve the food,ISL_CSLRT_Corpus\Videos_Sentence_Level\serve the food\serve (2).MP4,FOOD SERVE ,0,ISL_0316_S0,SERVE FOOD,SERVE FOOD
speak softly,ISL_CSLRT_Corpus\Videos_Sentence_Level\speak softly\softly (4).MP4,SPEAK SOFTLY,3,ISL_0330_S3,SPEAK SOFTLY,MOUTH QUIETLY
i promise,ISL_CSLRT_Corpus\Videos_Sentence_Level\i promise\promise (2).MP4,I PROMISE,3,ISL_0255_S3,PROMISE,PROMISE
prepare the bed,ISL_CSLRT_Corpus\Videos_Sentence_Level\prepare the bed\bed (5).MP4,PREPARE BED,5,ISL_0314_S5,PREPARE BED,PREPARE BED
do me a favour,ISL_CSLRT_Corpus\Videos_Sentence_Level\do me a favour\favour (3).MP4,DO  FAVOUR ME,4,ISL_0043_S4,FAVOUR,PARTY_FAVOUR
speak softly,ISL_CSLRT_Corpus\Videos_Sentence_Level\speak softly\softly.MP4,SPEAK SOFTLY,1,ISL_0333_S1,SPEAK SOFTLY,SPEAK SOFTLY
who are you,ISL_CSLRT_Corpus\Videos_Sentence_Level\who are you\who are you (6).MP4,YOU WHO ,4,ISL_0426_S4,,nan
i am tired,ISL_CSLRT_Corpus\Videos_Sentence_Level\i am tired\tired (5).MP4,I TIRED,4,ISL_0212_S4,TIRED,WEAR_OUT
congratulations,ISL_CSLRT_Corpus\Videos_Sentence_Level\congratulations\congratulations (4).MP4,CONGRATULATIIONS,4,ISL_0033_S4,CONGRATULATIONS,CONGRATULATIONS
what did you tell him,ISL_CSLRT_Corpus\Videos_Sentence_Level\what did you tell him\tell him (2).MP4, YOU TELL HIM WHAT,3,ISL_0379_S3,TELL,DIFFERENTIATE
now onwards he will never hurt you,ISL_CSLRT_Corpus\Videos_Sentence_Level\now onwards he will never hurt you\never hurt (4).MP4,NOW ONWARDS HE HURT YOU NEVER ,2,ISL_0303_S2,ONWARDS NEVER HURT,ONWARD NEVER ACHE
how are things,ISL_CSLRT_Corpus\Videos_Sentence_Level\how are things\things.MP4, THINGS HOW,5,ISL_0123_S5,THINGS,AFFAIR
nice to meet you,ISL_CSLRT_Corpus\Videos_Sentence_Level\nice to meet you\nice to meet you (4).MP4,NICE MEET YOU,0,ISL_0297_S0,NICE MEET,NICE MEET
he is on the way,ISL_CSLRT_Corpus\Videos_Sentence_Level\he is on the way\way (3).MP4,HE ON THE WAY,1,ISL_0097_S1,WAY,WAY
wear the shirt,ISL_CSLRT_Corpus\Videos_Sentence_Level\wear the shirt\shirt (2).MP4, SHIRT WEAR,1,ISL_0368_S1,WEAR SHIRT,WEAR SHIRT
do not worry,ISL_CSLRT_Corpus\Videos_Sentence_Level\do not worry\worry.MP4,DONOT WORRY,2,ISL_0069_S2,WORRY,INTEREST
i am in dilemma what to do,ISL_CSLRT_Corpus\Videos_Sentence_Level\i am in dilemma what to do\dilemma (4).MP4,I DILEMMA WHAT TO DO,5,ISL_0181_S5,DILEMMA,QUANDARY
i somehow got to know about it,ISL_CSLRT_Corpus\Videos_Sentence_Level\i somehow got to know about it\somehow (4).MP4,I SOMEHOW GOT KNOW ABOUT IT,0,ISL_0267_S0,SOMEHOW GOT KNOW,SOMEHOW GOT KNOW
do not abuse him,ISL_CSLRT_Corpus\Videos_Sentence_Level\do not abuse him\abuse.MP4, HIM ABUSE DONOT,3,ISL_0050_S3,ABUSE,ABUSE
i am sitting in the class,ISL_CSLRT_Corpus\Videos_Sentence_Level\i am sitting in the class\sitting (5).MP4,I SITTING CLASS,0,ISL_0197_S0,SITTING CLASS,SITTING CLASS
what is your phone number,ISL_CSLRT_Corpus\Videos_Sentence_Level\what is your phone number\what is your phone number (1).MP4, YOUR PHONE NUMBER WHAT,0,ISL_0403_S0,PHONE NUMBER,PHONE NUMBER
let him take time,ISL_CSLRT_Corpus\Videos_Sentence_Level\let him take time\time (2).MP4,LET HIM TAKE TIME,2,ISL_0285_S2,LET TAKE TIME,LET TAKE TIME
wear the shirt,ISL_CSLRT_Corpus\Videos_Sentence_Level\wear the shirt\shirt.MP4, SHIRT WEAR,2,ISL_0372_S2,WEAR SHIRT,WEAR SHIRT
that is so kind of you,ISL_CSLRT_Corpus\Videos_Sentence_Level\that is so kind of you\MVI_6540.MP4, YOU KIND THAT,6,ISL_0350_S6,KIND,KIND
he came by train,ISL_CSLRT_Corpus\Videos_Sentence_Level\he came by train\train (5).MP4,HE TRAIN CAME ,0,ISL_0089_S0,CAME TRAIN,CAME TRAIN
it does not make any difference to me,ISL_CSLRT_Corpus\Videos_Sentence_Level\it does not make any difference to me\difference.MP4,IT MAKE ANY DIFFERENCE  ME DO NOT ,0,ISL_0279_S0,MAKE DIFFERENCE,MAKE DIFFERENCE
do me a favour,ISL_CSLRT_Corpus\Videos_Sentence_Level\do me a favour\favour.MP4,DO  FAVOUR ME,5,ISL_0046_S5,FAVOUR,PREFER
could you please talk slower,ISL_CSLRT_Corpus\Videos_Sentence_Level\could you please talk slower\could you please talk slower (3).MP4,YOU PLEASE TALK SLOWER,1,ISL_0037_S1,COULD PLEASE TALK SLOWER,COULD PLEASE TALK SLOWER
help me,ISL_CSLRT_Corpus\Videos_Sentence_Level\help me\help me (8).MP4,HELP ME,2,ISL_0114_S2,HELP,HELP
i am fine. thank you sir,ISL_CSLRT_Corpus\Videos_Sentence_Level\i am fine. thank you sir\fine thank (3).MP4,I FINE THANK YOU ,3,ISL_0170_S3,FINE THANK SIR,FINE THANK SIR
he would be coming today,ISL_CSLRT_Corpus\Videos_Sentence_Level\he would be coming today\today (3).MP4,HE COMING TODAY,2,ISL_0106_S2,WOULD COMING TODAY,WOULD COMING TODAY
what do you think,ISL_CSLRT_Corpus\Videos_Sentence_Level\what do you think\what do you think (4).MP4, DO YOU THINK WHAT,1,ISL_0389_S1,THINK,THINK
i am sitting in the class,ISL_CSLRT_Corpus\Videos_Sentence_Level\i am sitting in the class\sitting (4).MP4,I SITTING CLASS,5,ISL_0196_S5,SITTING CLASS,SITTING SOCIO-ECONOMIC_CLASS
how can i trust you,ISL_CSLRT_Corpus\Videos_Sentence_Level\how can i trust you\trust (5).MP4,I TRUST YOU HOW ,2,ISL_0132_S2,TRUST,TRUST
i got hurt,ISL_CSLRT_Corpus\Videos_Sentence_Level\i got hurt\got hurt (3).MP4,I GOT HURT,6,ISL_0246_S6,GOT HURT,GOT HURT
i am really grateful,ISL_CSLRT_Corpus\Videos_Sentence_Level\i am really grateful\MVI_6395.MP4,I REALLY GRATEFUL,3,ISL_0190_S3,REALLY GRATEFUL,IN_TRUTH THANKFUL
i got hurt,ISL_CSLRT_Corpus\Videos_Sentence_Level\i got hurt\got hurt (5).MP4,I GOT HURT,0,ISL_0248_S0,GOT HURT,GOT HURT
what you want,ISL_CSLRT_Corpus\Videos_Sentence_Level\what you want\what you want (3).MP4,YOU WANT WHAT ,0,ISL_0409_S0,WANT,DEFICIENCY
i am tired,ISL_CSLRT_Corpus\Videos_Sentence_Level\i am tired\tired (3).MP4,I TIRED,5,ISL_0210_S5,TIRED,PALL
what do you do,ISL_CSLRT_Corpus\Videos_Sentence_Level\what do you do\what do you do (4).MP4,YOU DO WHAT ,6,ISL_0385_S6,,NAN
wear the shirt,ISL_CSLRT_Corpus\Videos_Sentence_Level\wear the shirt\shirt (3).MP4, SHIRT WEAR,0,ISL_0369_S0,WEAR SHIRT,HAVE_ON SHIRT
can you repeat that please,ISL_CSLRT_Corpus\Videos_Sentence_Level\can you repeat that please\can you repeat that please (6).MP4,YOU REPEAT PLEASE,0,ISL_0026_S0,REPEAT PLEASE,TAKE_OVER DELIGHT
do me a favour,ISL_CSLRT_Corpus\Videos_Sentence_Level\do me a favour\favour (5).MP4,DO  FAVOUR ME,6,ISL_0045_S6,FAVOUR,PREFER
i am feeling cold,ISL_CSLRT_Corpus\Videos_Sentence_Level\i am feeling cold\cold (3).MP4,I FEEL COLD,2,ISL_0165_S2,FEELING COLD,FEELING COLD
i am suffering from fever,ISL_CSLRT_Corpus\Videos_Sentence_Level\i am suffering from fever\fever (2).MP4,I FEVER SUFFERING  ,4,ISL_0204_S4,SUFFERING FEVER,STAND FEVER
"you need a medicine, take this one","ISL_CSLRT_Corpus\Videos_Sentence_Level\you need a medicine, take this one\medicine.MP4","YOU NEED A MEDICINE, TAKE THIS ONE",4,ISL_0471_S4,NEED MEDICINE TAKE ONE,NEED MEDICINE TAKE PEERLESS
what you want,ISL_CSLRT_Corpus\Videos_Sentence_Level\what you want\what you want (5).MP4,YOU WANT WHAT ,0,ISL_0411_S0,WANT,DEPRIVATION
why are you crying,ISL_CSLRT_Corpus\Videos_Sentence_Level\why are you crying\crying (4).MP4, YOU CRY WHY,5,ISL_0434_S5,CRYING,CRYING
bring water for me,ISL_CSLRT_Corpus\Videos_Sentence_Level\bring water for me\bring water for me (3).MP4,BRING WATER ME,3,ISL_0012_S3,BRING WATER,WREAK WATER
it was nice chatting with you,ISL_CSLRT_Corpus\Videos_Sentence_Level\it was nice chatting with you\MVI_6107.MP4,YOU CHAT NICE,5,ISL_0280_S5,NICE CHATTING,NICE CHATTING
are you hiding something,ISL_CSLRT_Corpus\Videos_Sentence_Level\are you hiding something\MVI_6958.MP4,YOU HIDE SOMETHING,3,ISL_0010_S3,HIDING SOMETHING,HIDING SOMETHING
can i help you,ISL_CSLRT_Corpus\Videos_Sentence_Level\can i help you\cannot help.MP4,I HELP YOU,5,ISL_0016_S5,HELP,ASSISTANCE
i am tired,ISL_CSLRT_Corpus\Videos_Sentence_Level\i am tired\tired (5).MP4,I TIRED,3,ISL_0212_S3,TIRED,TIRED
let him take time,ISL_CSLRT_Corpus\Videos_Sentence_Level\let him take time\time (2).MP4,LET HIM TAKE TIME,5,ISL_0285_S5,LET TAKE TIME,LASHKAR-E-TAIBA TAKE TIME
where are you from,ISL_CSLRT_Corpus\Videos_Sentence_Level\where are you from\where are you from (3).MP4,YOU FROM WHERE ,4,ISL_0419_S4,,NAN
help me,ISL_CSLRT_Corpus\Videos_Sentence_Level\help me\help me (4).MP4,HELP ME,2,ISL_0112_S2,HELP,HELP
where are you from,ISL_CSLRT_Corpus\Videos_Sentence_Level\where are you from\where are you from (1).MP4,YOU FROM WHERE ,3,ISL_0418_S3,,nan
hi how are you,ISL_CSLRT_Corpus\Videos_Sentence_Level\hi how are you\hi how are you (4).MP4,HI HOW YOU,5,ISL_0116_S5,HI,ALOHA_STATE
what you want,ISL_CSLRT_Corpus\Videos_Sentence_Level\what you want\what you want (3).MP4,YOU WANT WHAT ,4,ISL_0409_S4,WANT,WANT
do not worry,ISL_CSLRT_Corpus\Videos_Sentence_Level\do not worry\worry (4).MP4,DONOT WORRY,0,ISL_0068_S0,WORRY,WORRY
had your food,ISL_CSLRT_Corpus\Videos_Sentence_Level\had your food\food (3).MP4, FOOD HAD,3,ISL_0082_S3,FOOD,SOLID_FOOD
"you do anything, i do not care","ISL_CSLRT_Corpus\Videos_Sentence_Level\you do anything, i do not care\dont care.MP4","YOU DO ANYTHING, I DONOT CARE",6,ISL_0466_S6,ANYTHING CARE,ANYTHING CARE
you are good,ISL_CSLRT_Corpus\Videos_Sentence_Level\you are good\good (3).MP4,YOU GOOD,3,ISL_0449_S3,GOOD,GOOD
i do not agree,ISL_CSLRT_Corpus\Videos_Sentence_Level\i do not agree\agree (3).MP4,I AGREE DONOT ,6,ISL_0224_S6,AGREE,AGREE
"you do anything, i do not care","ISL_CSLRT_Corpus\Videos_Sentence_Level\you do anything, i do not care\dont care (2).MP4","YOU DO ANYTHING, I DONOT CARE",3,ISL_0465_S3,ANYTHING CARE,ANYTHING CARE
congratulations,ISL_CSLRT_Corpus\Videos_Sentence_Level\congratulations\congratulations (3).MP4,CONGRATULATIIONS,0,ISL_0032_S0,CONGRATULATIONS,PRAISE
my name is xxxxxxxx,ISL_CSLRT_Corpus\Videos_Sentence_Level\my name is xxxxxxxx\my name is xxxxxxxx (2).MP4,MY NAME XXXXXXXX,3,ISL_0291_S3,NAME XXXXXXXX,NAME XXXXXXXX
i am hungry,ISL_CSLRT_Corpus\Videos_Sentence_Level\i am hungry\i am hungry   (3).MP4,I HUNGRY,5,ISL_0174_S5,HUNGRY,THIRSTY
what happened,ISL_CSLRT_Corpus\Videos_Sentence_Level\what happened\MVI_6495.MP4,HAPPENED WHAT ,1,ISL_0401_S1,HAPPENED,COME_ABOUT
you are bad,ISL_CSLRT_Corpus\Videos_Sentence_Level\you are bad\bad (4).MP4,YOU BAD,5,ISL_0444_S5,BAD,SORRY
what happened,ISL_CSLRT_Corpus\Videos_Sentence_Level\what happened\happened (3).MP4,HAPPENED WHAT ,1,ISL_0399_S1,HAPPENED,HAPPENED
No need to worry dont worry,ISL_CSLRT_Corpus\Videos_Sentence_Level\No need to worry dont worry\MVI_6496.MP4,NO NEED WORRY DONT WORRY,6,ISL_0300_S6,NEED WORRY DONT WORRY,PAUPERIZATION WORRY DONT HEADACHE
serve the food,ISL_CSLRT_Corpus\Videos_Sentence_Level\serve the food\serve 1.MP4,FOOD SERVE ,1,ISL_0320_S1,SERVE FOOD,WAIT_ON FOOD
do not make me angry,ISL_CSLRT_Corpus\Videos_Sentence_Level\do not make me angry\me angry.MP4,YOU ANGRY DONOT,0,ISL_0059_S0,MAKE ANGRY,MAKE FURIOUS
